_id,first_name,last_name,gender,phone,address,email,relationship,patient_id
1,Reagen,Crolla,Male,6836132702,33 Anzinger Terrace,rcrolla0@dagondesign.com,Husband,1
2,Harmon,Hentzeler,Male,2133864003,10471 Sauthoff Avenue,hhentzeler1@aol.com,Mother-in-law,2
3,Giorgi,Chauvey,Male,4857005912,576 Westridge Plaza,gchauvey2@nasa.gov,Stepfather,3
4,Devin,D'Orsay,Male,2342511464,2505 Lien Hill,ddorsay3@arstechnica.com,Niece,4
5,Sollie,Eitter,Male,2046004996,01 Dahle Court,seitter4@yellowbook.com,Daughter,5
6,Benni,Atkin,Female,4297472573,098 Stephen Circle,batkin5@blogs.com,Boyfriend,6
7,Alair,Labitt,Male,2773603046,9 Forest Dale Center,alabitt6@canalblog.com,Grandmother,7
8,Ollie,Robinett,Female,5655917656,7 Doe Crossing Way,orobinett7@digg.com,Wife,8
9,Cleve,Giannassi,Male,5119103477,3264 Iowa Hill,cgiannassi8@time.com,Husband,9
10,Gib,Slowly,Male,5457487740,42 Londonderry Plaza,gslowly9@zimbio.com,Son,10
11,Moreen,Croisdall,Other,2309570007,4967 Sachs Hill,mcroisdalla@moonfruit.com,Aunt,11
12,Sarine,Eagger,Other,7028565519,0043 Lyons Terrace,seaggerb@ifeng.com,Sister,12
13,Neall,Guitonneau,Male,8442524772,8647 Hudson Parkway,nguitonneauc@kickstarter.com,Aunt,13
14,Antin,Linley,Male,4698598412,8198 Fulton Road,alinleyd@1und1.de,Son,14
15,Kimberly,Friedman,Female,8926757052,6 Dapin Circle,kfriedmane@rambler.ru,Stepfather,15
16,Aida,Crothers,Other,5075628271,05369 Monterey Way,acrothersf@nyu.edu,Wife,16
17,Dacy,Bunney,Female,9068278778,75 Jay Park,dbunneyg@oakley.com,Mother-in-law,17
18,Chauncey,Michelmore,Male,3045662934,69514 Talisman Court,cmichelmoreh@answers.com,Cousin,18
19,Tobey,Kuhnhardt,Female,8214492685,54670 Grasskamp Trail,tkuhnhardti@spotify.com,Girlfriend,19
20,Homerus,McAndrew,Male,4223717170,4747 Pine View Park,hmcandrewj@domainmarket.com,Stepmother,20
21,Jed,Hubner,Male,9466333601,951 Ridgeway Trail,jhubnerk@zdnet.com,Grandmother,21
22,Tammie,Screase,Female,2939669492,3 Hazelcrest Court,tscreasel@slideshare.net,Brother-in-law,22
23,Johny,Drewes,Male,8223016782,973 High Crossing Crossing,jdrewesm@miibeian.gov.cn,Brother-in-law,23
24,Henri,Oby,Other,1256284195,2189 Main Point,hobyn@thetimes.co.uk,Brother-in-law,24
25,Amye,Maffucci,Female,1951218135,10637 Drewry Junction,amaffuccio@abc.net.au,Father,25
26,Sampson,Allworthy,Male,8393188452,40286 Northview Crossing,sallworthyp@wp.com,Sister-in-law,26
27,Jennee,Signore,Female,7564826514,63152 Cherokee Way,jsignoreq@nsw.gov.au,Father-in-law,27
28,Tracey,Saffell,Male,4496032989,5084 Pawling Pass,tsaffellr@blogtalkradio.com,Cousin,28
29,Marilyn,Huntingdon,Female,3077233934,96867 Old Shore Park,mhuntingdons@wp.com,Grandmother,29
30,Rubia,Mapston,Other,3067748056,2 Loomis Place,rmapstont@t.co,Mother-in-law,30
31,Martin,Sumers,Male,7807064880,4209 Blaine Parkway,msumersu@51.la,Sister-in-law,31
32,Ilyssa,Joss,Female,4333656748,92 Garrison Center,ijossv@mayoclinic.com,Grandmother,32
33,Noella,Dallosso,Female,7796175782,03 Elka Way,ndallossow@mtv.com,Girlfriend,33
34,Cosmo,Dirkin,Male,7577000500,78 Jay Avenue,cdirkinx@mapy.cz,Sister,34
35,Stacy,Roderighi,Male,1346060266,2 Cordelia Circle,sroderighiy@artisteer.com,Cousin,35
36,Georgie,Larking,Male,1114732989,2913 Eggendart Alley,glarkingz@aboutads.info,Son,36
37,Charlotte,Harrow,Female,8193716267,8 Bowman Junction,charrow10@blog.com,Cousin,37
38,Salli,Farres,Female,8503482092,455 Coleman Lane,sfarres11@icio.us,Niece,38
39,Ruddy,Culshew,Male,1484668248,89932 Gerald Parkway,rculshew12@google.com.hk,Wife,39
40,Fin,Clearie,Male,2402686650,07 Morningstar Pass,fclearie13@jiathis.com,Father,40
41,Masha,Tew,Female,9686368238,8146 Loftsgordon Park,mtew14@hhs.gov,Sister,41
42,Annabal,Pagelsen,Female,5031013578,16541 Anthes Terrace,apagelsen15@so-net.ne.jp,Sister-in-law,42
43,Lonnard,Bikker,Male,8346817372,694 Rockefeller Circle,lbikker16@stumbleupon.com,Son,43
44,Celle,Glaysher,Other,2253597569,964 Donald Trail,cglaysher17@china.com.cn,Niece,44
45,Ruthie,Edmondson,Female,8826525255,916 Moose Crossing,redmondson18@cbslocal.com,Stepfather,45
46,Randy,Thyng,Female,4187526980,1410 Rigney Parkway,rthyng19@oakley.com,Sister,46
47,Vern,Victoria,Male,5592372069,824 Del Sol Crossing,vvictoria1a@symantec.com,Boyfriend,47
48,Milly,Clotworthy,Female,8849630902,43308 Browning Pass,mclotworthy1b@free.fr,Husband,48
49,Shayna,Beecham,Female,2623875837,5466 Beilfuss Drive,sbeecham1c@symantec.com,Uncle,49
50,Tatiania,Shapira,Female,4784285569,01 Nobel Lane,tshapira1d@flavors.me,Nephew,50
51,Florette,Tanzer,Female,9619157206,8389 Susan Court,ftanzer1e@wordpress.org,Mother-in-law,51
52,Sybyl,Ducker,Other,4336319105,95608 Claremont Way,sducker1f@nature.com,Stepmother,52
53,Mohandis,Readshaw,Male,5364082460,277 Lotheville Drive,mreadshaw1g@g.co,Nephew,53
54,Norbert,Shawcroft,Male,8646123319,09569 Aberg Trail,nshawcroft1h@360.cn,Husband,54
55,Ossie,Shimwall,Other,1453109896,46749 Kipling Pass,oshimwall1i@g.co,Brother,55
56,Franky,Dinnies,Female,7394452621,45492 Dawn Court,fdinnies1j@theatlantic.com,Husband,56
57,Waverly,McNeill,Male,1921599918,81327 Barby Road,wmcneill1k@timesonline.co.uk,Daughter,57
58,Yehudit,Carswell,Male,7356182017,4025 Barby Road,ycarswell1l@jugem.jp,Brother,58
59,Barbee,Thorouggood,Female,8817595771,624 Manley Junction,bthorouggood1m@msn.com,Stepmother,59
60,Jerrie,Standish-Brooks,Female,9753021723,96 Grim Place,jstandishbrooks1n@hugedomains.com,Aunt,60
61,Mack,Fairbard,Male,7491227103,0 Novick Way,mfairbard1o@webs.com,Brother-in-law,61
62,Dayle,Ogus,Female,9127347508,737 Hoffman Parkway,dogus1p@live.com,Father,62
63,Moritz,Tuftin,Male,9409155789,0903 Leroy Hill,mtuftin1q@myspace.com,Brother-in-law,63
64,Laurie,Apfler,Female,7502078117,64405 Kenwood Avenue,lapfler1r@uiuc.edu,Nephew,64
65,Naoma,Martinec,Female,9447331267,8 Talisman Point,nmartinec1s@guardian.co.uk,Daughter,65
66,Ruthanne,Vauter,Female,6082408755,00 Carey Hill,rvauter1t@shareasale.com,Son,66
67,Aurel,Strethill,Female,6903173103,48 Mallard Center,astrethill1u@army.mil,Uncle,67
68,Rodolfo,Gascard,Other,1066782352,8 Glacier Hill Circle,rgascard1v@timesonline.co.uk,Brother,68
69,Adrian,Jemison,Female,2434424019,5002 Packers Lane,ajemison1w@linkedin.com,Girlfriend,69
70,Locke,McGuirk,Male,9626005538,33138 Lake View Pass,lmcguirk1x@aboutads.info,Daughter,70
71,Stern,Eskell,Male,2131031844,923 Loomis Street,seskell1y@amazon.co.uk,Girlfriend,71
72,Fawnia,Cases,Female,1449061333,84899 Logan Drive,fcases1z@cbsnews.com,Sister-in-law,72
73,Bethena,Bandey,Female,6527568784,89 Maple Wood Circle,bbandey20@webs.com,Father-in-law,73
74,Bartholomeo,Orry,Male,7409777257,9 Eastwood Terrace,borry21@yale.edu,Grandmother,74
75,Avivah,Falla,Female,3429915261,5115 Debra Park,afalla22@pen.io,Husband,75
76,Ritchie,Deboick,Male,6819577020,2466 Valley Edge Drive,rdeboick23@t.co,Uncle,76
77,Lynn,Laba,Male,8065190707,17 Barby Place,llaba24@illinois.edu,Aunt,77
78,Katrina,Facchini,Female,8704193551,25849 Anderson Avenue,kfacchini25@ca.gov,Nephew,78
79,Tait,Broxap,Male,1671379283,523 David Plaza,tbroxap26@comcast.net,Girlfriend,79
80,Rand,Risbie,Male,6156437592,1528 Bartillon Lane,rrisbie27@dailymail.co.uk,Grandfather,80
81,Eartha,Abrahamsen,Female,3025368339,04216 Hoepker Lane,eabrahamsen28@oracle.com,Father,81
82,Brena,Zute,Female,6751011128,51589 Duke Point,bzute29@ihg.com,Stepmother,82
83,Gayleen,Bentke,Female,5706407758,49990 Schlimgen Pass,gbentke2a@list-manage.com,Stepfather,83
84,Moira,Behrendsen,Female,8749952578,12956 Rutledge Way,mbehrendsen2b@nps.gov,Mother,84
85,Joete,Bills,Female,9498560825,22 Coolidge Place,jbills2c@simplemachines.org,Grandmother,85
86,Godard,Douglass,Male,3661808677,04 Northland Park,gdouglass2d@state.gov,Son,86
87,Rennie,Lygo,Female,1352477609,5 Vera Hill,rlygo2e@feedburner.com,Daughter,87
88,Marita,Pennigar,Other,1712553839,80 Sheridan Junction,mpennigar2f@google.nl,Aunt,88
89,Tammara,Presser,Female,2496959070,775 Everett Way,tpresser2g@ihg.com,Nephew,89
90,Skylar,Peyro,Male,1371946861,19 Stang Court,speyro2h@discuz.net,Daughter,90
91,Kimmie,Bagworth,Female,6987702907,2859 Comanche Street,kbagworth2i@wufoo.com,Daughter,91
92,Nerti,Corson,Female,9525908302,144 Maryland Point,ncorson2j@sbwire.com,Daughter,92
93,Corbie,Geard,Male,6335630139,4551 Sullivan Drive,cgeard2k@washington.edu,Wife,93
94,Germaine,Swaine,Female,2588567033,3607 Chinook Circle,gswaine2l@flavors.me,Stepfather,94
95,Thibaud,Barrick,Other,6737978576,12224 Kingsford Hill,tbarrick2m@aol.com,Daughter,95
96,Abraham,McInnery,Male,3156090987,05594 Artisan Lane,amcinnery2n@springer.com,Nephew,96
97,Tessi,Hillan,Female,6434770740,6 Cascade Circle,thillan2o@symantec.com,Stepfather,97
98,Ode,Clampton,Male,6001835935,90103 Transport Pass,oclampton2p@cnbc.com,Husband,98
99,Basile,Noore,Male,3643377764,7 Red Cloud Avenue,bnoore2q@ocn.ne.jp,Wife,99
100,Dayle,Innman,Female,3072210871,1 Gerald Crossing,dinnman2r@plala.or.jp,Husband,100
101,Valentin,Ubsdall,Other,3231996392,527 Ludington Junction,vubsdall2s@washington.edu,Niece,101
102,Sheffield,Jonin,Male,5265683782,44 Washington Parkway,sjonin2t@sciencedaily.com,Brother,102
103,Ernestine,Izen,Female,3777642388,48123 Sachtjen Park,eizen2u@forbes.com,Wife,103
104,Lela,Kelson,Female,7883165890,50016 Weeping Birch Terrace,lkelson2v@amazon.com,Daughter,104
105,Emmet,Staniford,Male,1903093661,16899 Shelley Pass,estaniford2w@hexun.com,Uncle,105
106,Nickolai,Castelot,Male,5696257556,0 Graceland Junction,ncastelot2x@about.me,Stepfather,106
107,Lyn,Lamble,Other,6619454886,0 West Way,llamble2y@mapquest.com,Sister,107
108,Moishe,Blackaller,Male,1109776620,26 Hazelcrest Street,mblackaller2z@nasa.gov,Wife,108
109,Kimberlee,Mullaney,Female,2173875210,08917 Schmedeman Drive,kmullaney30@columbia.edu,Daughter,109
110,Correy,Cluse,Other,8989458349,7879 Riverside Plaza,ccluse31@nationalgeographic.com,Mother,110
111,Shaughn,Binley,Male,7332482086,1130 Sundown Hill,sbinley32@cam.ac.uk,Wife,111
112,Adan,Howerd,Female,9576643058,65 American Ash Street,ahowerd33@trellian.com,Cousin,112
113,Thorstein,Goodhay,Other,2979043288,962 Miller Circle,tgoodhay34@biglobe.ne.jp,Father-in-law,113
114,Jake,Brandes,Male,6045891455,4 Namekagon Hill,jbrandes35@wufoo.com,Grandfather,114
115,Mead,Kinningley,Female,1206709503,947 8th Place,mkinningley36@aol.com,Grandfather,115
116,Xaviera,Spelling,Female,1887141797,8 Dovetail Avenue,xspelling37@narod.ru,Daughter,116
117,Marcelline,Gentiry,Female,3278152163,74973 Mosinee Court,mgentiry38@barnesandnoble.com,Aunt,117
118,Monique,de Copeman,Other,3125409245,143 Butternut Place,mdecopeman39@aboutads.info,Sister-in-law,118
119,Rollins,Stephen,Male,4938627219,05 Corben Crossing,rstephen3a@clickbank.net,Stepmother,119
120,Norean,Bravery,Female,6701896765,3158 Sachtjen Court,nbravery3b@newyorker.com,Boyfriend,120
121,Mechelle,Stannas,Female,3721952706,49 Oneill Crossing,mstannas3c@shinystat.com,Mother,121
122,Willi,Darlison,Male,3211638234,99142 Jana Pass,wdarlison3d@tripadvisor.com,Niece,122
123,Adriane,Sabate,Female,5661124608,09895 Paget Place,asabate3e@mozilla.com,Sister-in-law,123
124,Leif,Morena,Male,6213295840,9991 5th Junction,lmorena3f@va.gov,Brother,124
125,Yulma,Warfield,Male,2275166149,95293 Hazelcrest Avenue,ywarfield3g@wired.com,Uncle,125
126,Claudine,Lyte,Female,7393243554,778 Eagan Place,clyte3h@uiuc.edu,Boyfriend,126
127,Inglis,Pache,Male,4626218249,10625 Katie Park,ipache3i@blog.com,Niece,127
128,Sonia,Agass,Female,2466820614,2 Merchant Pass,sagass3j@imgur.com,Niece,128
129,Sibella,Lutton,Male,3692390054,527 Ronald Regan Court,slutton3k@reverbnation.com,Daughter,129
130,Tad,MacAdam,Male,2112538109,4 Londonderry Place,tmacadam3l@wunderground.com,Brother,130
131,Barb,Blencoe,Female,4165181067,86107 Oak Valley Place,bblencoe3m@netscape.com,Father-in-law,131
132,Cristine,Fackney,Female,7792938323,26 Maywood Street,cfackney3n@berkeley.edu,Sister-in-law,132
133,Hannie,Troup,Female,5717755598,96 Sullivan Circle,htroup3o@army.mil,Husband,133
134,Tomi,Beteriss,Female,2107857887,4422 Sauthoff Drive,tbeteriss3p@bandcamp.com,Grandfather,134
135,Crissy,Mantram,Female,7133448699,978 Arizona Drive,cmantram3q@ucoz.com,Cousin,135
136,Torry,Haddow,Male,2436523966,359 Anderson Street,thaddow3r@businessinsider.com,Son,136
137,Avictor,Sauvan,Male,1726227395,663 Karstens Lane,asauvan3s@ftc.gov,Son,137
138,Yale,Lounds,Male,8803399275,709 Talisman Circle,ylounds3t@timesonline.co.uk,Mother-in-law,138
139,Brander,Johncey,Male,1952710261,0255 Heffernan Point,bjohncey3u@behance.net,Stepfather,139
140,Sandro,Charlon,Male,8604042805,73 Kipling Drive,scharlon3v@theatlantic.com,Brother,140
141,Gayle,Donat,Male,6211907106,3591 Wayridge Park,gdonat3w@macromedia.com,Boyfriend,141
142,Chrystal,Stickens,Female,9888846306,5900 Bashford Lane,cstickens3x@ca.gov,Grandfather,142
143,Jacquenetta,Lamacraft,Female,5711527367,4523 Hooker Pass,jlamacraft3y@weather.com,Aunt,143
144,Payton,Dedham,Male,1167049077,46798 Swallow Plaza,pdedham3z@about.com,Brother-in-law,144
145,Tye,Cassells,Male,8641580123,12 Loeprich Point,tcassells40@unblog.fr,Aunt,145
146,Damien,Zamora,Male,1703103769,06 Chive Alley,dzamora41@flavors.me,Grandmother,146
147,Tyrone,Matthias,Male,4737547913,0726 Fairfield Circle,tmatthias42@sfgate.com,Daughter,147
148,Harlin,Palumbo,Male,4032143575,1 International Lane,hpalumbo43@sfgate.com,Wife,148
149,Roze,McMearty,Female,6805716699,31 Comanche Terrace,rmcmearty44@sfgate.com,Stepfather,149
150,Pearce,Gallacher,Male,4659044453,55432 Everett Place,pgallacher45@ifeng.com,Boyfriend,150
151,Allegra,Cressingham,Female,9071274924,73 Cottonwood Terrace,acressingham46@purevolume.com,Girlfriend,151
152,Rosalind,Kirvin,Female,8254560685,5243 High Crossing Hill,rkirvin47@huffingtonpost.com,Uncle,152
153,Araldo,Lamasna,Male,1237377696,46609 Cody Way,alamasna48@redcross.org,Mother,153
154,Marnia,Phare,Female,3325735803,8 Hermina Trail,mphare49@github.io,Nephew,154
155,Mark,Bradman,Male,6914298197,8849 Johnson Alley,mbradman4a@scientificamerican.com,Father-in-law,155
156,Kimmie,Biaggioni,Female,5927938848,638 Thompson Terrace,kbiaggioni4b@cbc.ca,Wife,156
157,Vittoria,Drabble,Other,2824259902,27760 Holy Cross Parkway,vdrabble4c@ameblo.jp,Grandmother,157
158,Kalina,Krout,Female,6716343862,485 Heath Point,kkrout4d@quantcast.com,Girlfriend,158
159,Lyn,Pittoli,Other,7823997312,545 Killdeer Drive,lpittoli4e@cam.ac.uk,Aunt,159
160,Raddy,Robillard,Female,9789368665,7684 Farmco Park,rrobillard4f@discuz.net,Brother-in-law,160
161,Anders,Mico,Male,9495027706,59 Carberry Crossing,amico4g@bbc.co.uk,Daughter,161
162,Robby,Colquit,Female,3088723598,364 Granby Drive,rcolquit4h@usda.gov,Wife,162
163,Candide,Duplan,Female,5541514417,12102 Caliangt Street,cduplan4i@buzzfeed.com,Wife,163
164,Lon,Barwell,Male,6111384775,1900 Roth Way,lbarwell4j@ycombinator.com,Mother-in-law,164
165,Matteo,Janjic,Male,6279242626,0 Hansons Center,mjanjic4k@booking.com,Uncle,165
166,Perl,Newlands,Female,1019165888,72 Burrows Terrace,pnewlands4l@storify.com,Girlfriend,166
167,Mayer,Dadds,Male,1482087351,87000 Mesta Alley,mdadds4m@auda.org.au,Father-in-law,167
168,Harwilll,Stiling,Male,8843737334,68715 Del Mar Drive,hstiling4n@amazon.co.uk,Cousin,168
169,Hephzibah,Noury,Female,7783092755,1070 Merrick Terrace,hnoury4o@parallels.com,Stepmother,169
170,Bogey,Guilloneau,Male,2992761581,96 Marquette Circle,bguilloneau4p@illinois.edu,Sister-in-law,170
171,Eadie,Karlik,Male,4437836863,9 Thompson Center,ekarlik4q@psu.edu,Sister,171
172,Aurea,Jayes,Female,8845760337,926 Daystar Pass,ajayes4r@youtube.com,Niece,172
173,Guinna,Simonin,Female,8153904558,6 Kropf Junction,gsimonin4s@buzzfeed.com,Girlfriend,173
174,Barrie,Diggar,Male,8878599012,04 Porter Plaza,bdiggar4t@google.com.br,Mother,174
175,Garald,Shimwall,Male,1881871556,54 Stang Drive,gshimwall4u@elpais.com,Brother-in-law,175
176,Tripp,Aliman,Male,1769305108,23707 Corry Place,taliman4v@woothemes.com,Brother-in-law,176
177,Bellina,MacKerley,Female,6511860870,73546 Ramsey Crossing,bmackerley4w@cargocollective.com,Stepfather,177
178,Mortie,Vero,Male,8474158393,840 Vernon Way,mvero4x@alibaba.com,Sister-in-law,178
179,Fee,Litton,Male,3497196882,9 John Wall Street,flitton4y@dailymail.co.uk,Brother,179
180,Deva,Austins,Female,3228189650,461 Jackson Crossing,daustins4z@t-online.de,Uncle,180
181,Laura,Sterling,Female,4781488764,15 Lunder Crossing,lsterling50@businessinsider.com,Brother,181
182,Vic,Hulls,Male,9047533081,23876 Vernon Lane,vhulls51@cyberchimps.com,Aunt,182
183,Isabeau,Bottomley,Female,2351499929,5 Jana Crossing,ibottomley52@jiathis.com,Son,183
184,Estell,Longmead,Female,6236091975,19096 Hansons Terrace,elongmead53@xing.com,Father,184
185,Celestia,Bruyntjes,Female,2596354576,36 Shoshone Court,cbruyntjes54@latimes.com,Cousin,185
186,Kele,Sandford,Female,3241470627,56957 Sherman Crossing,ksandford55@mozilla.org,Boyfriend,186
187,Lyndel,Fortun,Female,1008082448,9283 Helena Avenue,lfortun56@timesonline.co.uk,Stepfather,187
188,Aubert,Courtenay,Male,6843370503,537 Sugar Hill,acourtenay57@chron.com,Wife,188
189,Joli,Pagnin,Female,3683720645,10 Bunting Terrace,jpagnin58@ovh.net,Aunt,189
190,Land,Carrington,Male,6279856113,1185 Loeprich Crossing,lcarrington59@dyndns.org,Girlfriend,190
191,Veda,Peepall,Female,9787155998,4625 Waywood Junction,vpeepall5a@unicef.org,Boyfriend,191
192,Nerta,Lathee,Female,7337503586,9 Eastwood Trail,nlathee5b@patch.com,Girlfriend,192
193,Cathyleen,Scalia,Female,5011925152,00 Mallard Terrace,cscalia5c@goodreads.com,Sister-in-law,193
194,Tadio,Pinch,Male,3528894611,76 Coleman Road,tpinch5d@accuweather.com,Mother,194
195,Rafaela,Paley,Female,9108291631,4018 Orin Road,rpaley5e@1688.com,Sister-in-law,195
196,Melitta,Gerasch,Female,1682105392,217 Memorial Hill,mgerasch5f@icq.com,Father,196
197,Levi,Costock,Male,8403849532,2 Loeprich Point,lcostock5g@cnet.com,Son,197
198,Hersch,Yate,Male,3942207013,27261 Walton Park,hyate5h@berkeley.edu,Nephew,198
199,Franchot,Siddle,Male,3803306353,07033 Nelson Circle,fsiddle5i@illinois.edu,Uncle,199
200,Bobbee,Philippe,Female,9803852621,77041 Westerfield Trail,bphilippe5j@devhub.com,Brother,200
201,Beatrix,Matveichev,Female,7404563955,0 Charing Cross Terrace,bmatveichev5k@unblog.fr,Cousin,201
202,Caye,Fouch,Female,6475725404,2165 Sachtjen Avenue,cfouch5l@redcross.org,Uncle,202
203,Yuma,Vesty,Male,7757535199,143 Spenser Way,yvesty5m@discovery.com,Daughter,203
204,Rawley,Dun,Male,5943375967,774 Arkansas Trail,rdun5n@nifty.com,Grandfather,204
205,Cecil,Eastabrook,Male,7036410362,3657 Hollow Ridge Drive,ceastabrook5o@mlb.com,Father-in-law,205
206,Burlie,Robart,Male,9751134112,3 Carey Parkway,brobart5p@mozilla.org,Husband,206
207,Jacinthe,Paliser,Female,9348515584,7 Forest Crossing,jpaliser5q@intel.com,Father-in-law,207
208,Opaline,Pfertner,Female,1277593879,858 Darwin Way,opfertner5r@wordpress.com,Mother-in-law,208
209,Zachery,Strelitzer,Male,8509826632,94589 Memorial Road,zstrelitzer5s@webmd.com,Brother,209
210,Jorie,Signore,Female,2822014679,8 Dakota Place,jsignore5t@squidoo.com,Sister-in-law,210
211,Virgie,Ryam,Male,7388760575,9787 Novick Circle,vryam5u@bbb.org,Aunt,211
212,Adrien,Stegel,Male,7333761973,50014 Paget Junction,astegel5v@usnews.com,Sister,212
213,Peyter,Flooks,Male,5698084072,02395 Transport Court,pflooks5w@friendfeed.com,Sister,213
214,Scott,Lees,Male,8841852613,5380 Florence Parkway,slees5x@google.pl,Sister-in-law,214
215,Lesly,Truin,Female,8326788508,2 Weeping Birch Hill,ltruin5y@multiply.com,Daughter,215
216,Clemens,Dowrey,Male,8283025748,25 Corben Circle,cdowrey5z@si.edu,Son,216
217,Cristobal,Deerness,Male,7758909026,0959 Jana Park,cdeerness60@cmu.edu,Nephew,217
218,Fredelia,Matessian,Female,7271612782,9 Kensington Street,fmatessian61@yolasite.com,Brother,218
219,Ingaberg,Ahmad,Female,4435601976,8193 Algoma Point,iahmad62@netlog.com,Mother-in-law,219
220,Colette,Scutchin,Female,7667804487,062 Stuart Street,cscutchin63@plala.or.jp,Stepfather,220
221,Hugo,Goricke,Male,1907902312,91 1st Road,hgoricke64@dropbox.com,Nephew,221
222,Rolph,Worlock,Male,2506303198,8969 Anniversary Court,rworlock65@biglobe.ne.jp,Grandfather,222
223,Danni,Peinton,Female,4496010080,54219 Gina Lane,dpeinton66@myspace.com,Grandfather,223
224,Letty,Ledgeway,Female,4882638788,6900 Union Way,lledgeway67@last.fm,Husband,224
225,Rurik,Reyson,Male,2262009935,9 Carioca Place,rreyson68@xing.com,Wife,225
226,Pepi,Tosspell,Female,1703254010,62 Grayhawk Drive,ptosspell69@jiathis.com,Stepmother,226
227,Kassandra,Bernardeau,Female,1704455387,2 Rieder Parkway,kbernardeau6a@wikimedia.org,Grandfather,227
228,Dur,Carver,Male,4646258687,5 Morrow Point,dcarver6b@ask.com,Son,228
229,Eldridge,Fryatt,Male,2246764201,496 Schlimgen Lane,efryatt6c@loc.gov,Nephew,229
230,Siana,Absolom,Female,1472273262,21611 Carberry Court,sabsolom6d@ow.ly,Uncle,230
231,Emelita,Galbreath,Male,7184315990,325 Morningstar Drive,egalbreath6e@surveymonkey.com,Daughter,231
232,Rock,Ilden,Male,2422573042,40 Rigney Trail,rilden6f@de.vu,Daughter,232
233,Kennedy,Satteford,Male,3507523256,22 Westridge Drive,ksatteford6g@4shared.com,Mother-in-law,233
234,Lelah,Mourant,Female,5958913687,7472 Dapin Crossing,lmourant6h@yale.edu,Aunt,234
235,Gavrielle,Gaenor,Female,7589180748,63114 Forest Dale Crossing,ggaenor6i@springer.com,Aunt,235
236,Gavrielle,Littlemore,Female,6867170281,7 Walton Alley,glittlemore6j@un.org,Daughter,236
237,Sabine,Izard,Female,6673947416,03233 Delladonna Terrace,sizard6k@google.cn,Brother,237
238,Guss,Lamort,Male,2186867438,159 Ohio Way,glamort6l@thetimes.co.uk,Sister,238
239,Gerry,Millar,Female,7549375431,58378 Northfield Hill,gmillar6m@house.gov,Son,239
240,Mitchell,Bows,Female,4077620823,95 Sheridan Trail,mbows6n@canalblog.com,Grandmother,240
241,Winny,Fredy,Male,6098973365,1 Bunting Park,wfredy6o@alexa.com,Daughter,241
242,Tarrance,Lawn,Female,6212217728,62414 Corscot Road,tlawn6p@over-blog.com,Stepfather,242
243,Tatiania,Thoumas,Female,2235335640,45964 Clyde Gallagher Trail,tthoumas6q@cornell.edu,Daughter,243
244,Matty,Lydden,Male,4337688879,9 Warner Junction,mlydden6r@vkontakte.ru,Mother,244
245,Ally,Staneland,Female,6941342286,1 Truax Place,astaneland6s@pbs.org,Niece,245
246,Wiatt,Jakoubek,Male,5991311829,86 Commercial Street,wjakoubek6t@webmd.com,Father-in-law,246
247,Anjanette,Newnham,Female,6924572206,31840 Amoth Point,anewnham6u@economist.com,Daughter,247
248,Renaud,Campe,Male,4937707302,14205 Ludington Way,rcampe6v@wikia.com,Grandmother,248
249,Fritz,Matuska,Male,2748742022,82 Pepper Wood Plaza,fmatuska6w@phoca.cz,Stepfather,249
250,Duncan,Bartel,Male,8235369757,123 Briar Crest Court,dbartel6x@army.mil,Brother,250
251,Valentijn,Swyer-Sexey,Male,8321782648,17577 Bowman Way,vswyersexey6y@foxnews.com,Sister-in-law,251
252,Dorelle,Borsnall,Female,1542960285,5 Hoffman Plaza,dborsnall6z@google.com.hk,Mother,252
253,Phaedra,Freda,Female,9859998248,84197 Miller Crossing,pfreda70@tuttocitta.it,Stepmother,253
254,Lenci,Wrightson,Male,5385465120,6 Eagan Court,lwrightson71@noaa.gov,Father,254
255,Roselia,Veitch,Female,5395947994,565 Myrtle Parkway,rveitch72@wired.com,Wife,255
256,Bernette,Pachmann,Female,6334515800,943 Porter Court,bpachmann73@google.com.br,Cousin,256
257,Woodrow,Tinn,Male,5935508808,08 Warner Hill,wtinn74@themeforest.net,Niece,257
258,Aida,Pennone,Female,9828430437,7 Cascade Parkway,apennone75@godaddy.com,Uncle,258
259,Nadean,Worley,Female,7416888423,2174 Artisan Avenue,nworley76@macromedia.com,Stepfather,259
260,Juieta,Farnsworth,Female,2076263396,639 Bultman Center,jfarnsworth77@baidu.com,Uncle,260
261,Sharon,Droogan,Female,2582278809,83683 Sycamore Center,sdroogan78@vimeo.com,Aunt,261
262,Justinn,Meece,Female,3631496181,4 Hanson Road,jmeece79@deviantart.com,Brother-in-law,262
263,Michel,Trenbey,Female,5984588347,63 Sloan Trail,mtrenbey7a@e-recht24.de,Sister,263
264,Homer,Hessle,Male,5001912504,7 Cardinal Place,hhessle7b@ezinearticles.com,Mother,264
265,Eydie,Vick,Female,1812333654,8 Fremont Drive,evick7c@weibo.com,Niece,265
266,Cortie,Pley,Male,9121718630,38 Butternut Hill,cpley7d@privacy.gov.au,Mother-in-law,266
267,Shea,Macieja,Female,2844940973,8 Mallory Circle,smacieja7e@businessweek.com,Brother,267
268,Far,Goby,Male,7953957741,2229 Pennsylvania Park,fgoby7f@histats.com,Wife,268
269,Davida,Beckerleg,Female,5051095594,12 Lindbergh Terrace,dbeckerleg7g@alexa.com,Aunt,269
270,Munmro,Ramsay,Male,6027387393,18360 Johnson Pass,mramsay7h@army.mil,Nephew,270
271,Deanna,Patry,Female,7671655337,07309 Oakridge Alley,dpatry7i@linkedin.com,Daughter,271
272,Kary,Chancellor,Female,1635870144,17570 Carey Pass,kchancellor7j@vk.com,Sister,272
273,Karl,McKleod,Male,9048953750,641 Warner Hill,kmckleod7k@icio.us,Mother-in-law,273
274,Adina,Lagadu,Female,8545929088,62764 Donald Pass,alagadu7l@twitter.com,Cousin,274
275,Terrie,Durram,Female,4781015916,609 Boyd Junction,tdurram7m@mediafire.com,Daughter,275
276,Clerissa,Alyoshin,Female,8014315593,7525 North Junction,calyoshin7n@vinaora.com,Grandfather,276
277,Astrid,Van Haeften,Female,7811355230,7 Service Lane,avanhaeften7o@hhs.gov,Nephew,277
278,Mirelle,Tomadoni,Female,8705755250,78245 Lillian Street,mtomadoni7p@miitbeian.gov.cn,Grandmother,278
279,Nick,Lay,Female,6628971358,92872 Granby Parkway,nlay7q@blogger.com,Girlfriend,279
280,Hobie,Onge,Male,2631353994,34920 Texas Junction,honge7r@myspace.com,Mother,280
281,Westleigh,Valencia,Male,6256764481,0 Spaight Parkway,wvalencia7s@mail.ru,Daughter,281
282,Sandra,Worsnip,Female,4056612380,2 Carioca Street,sworsnip7t@hexun.com,Brother-in-law,282
283,Dillie,Adshad,Female,7862423435,77543 Miller Park,dadshad7u@tumblr.com,Stepfather,283
284,Kermit,Guttridge,Male,5299393496,4286 North Court,kguttridge7v@icq.com,Stepmother,284
285,Bryant,Hammersley,Female,8479248241,131 Crowley Crossing,bhammersley7w@godaddy.com,Boyfriend,285
286,Errol,Braden,Male,8027887428,54 Barnett Crossing,ebraden7x@mapquest.com,Husband,286
287,Putnem,Dilland,Male,3798621962,290 Tony Center,pdilland7y@skyrock.com,Father-in-law,287
288,Damara,Blick,Female,8506472548,12586 Ridgeway Road,dblick7z@mediafire.com,Grandfather,288
289,Bradly,Hattrick,Male,4408628910,4986 Steensland Circle,bhattrick80@mail.ru,Son,289
290,Claiborne,Semrad,Male,5863845926,4208 Gateway Junction,csemrad81@wufoo.com,Husband,290
291,Myer,Seilmann,Male,1419734469,57288 Linden Junction,mseilmann82@cnn.com,Brother,291
292,Jodie,Lambol,Female,9789432621,052 Novick Place,jlambol83@amazonaws.com,Stepfather,292
293,Idalia,Yerson,Female,9108799655,36666 Continental Pass,iyerson84@tumblr.com,Daughter,293
294,Dennis,Killough,Male,4736992689,1 Fallview Street,dkillough85@diigo.com,Cousin,294
295,Jacqueline,Rumens,Female,9203166304,678 Village Green Street,jrumens86@printfriendly.com,Girlfriend,295
296,Celina,Saville,Female,6849650498,1 Crest Line Crossing,csaville87@indiegogo.com,Mother-in-law,296
297,Judye,Attoe,Female,4635535650,9 Eastlawn Pass,jattoe88@zdnet.com,Sister,297
298,Jon,Hedworth,Male,7078954619,26321 Melrose Lane,jhedworth89@java.com,Stepfather,298
299,Clementina,Etchingham,Female,4553413460,05405 Fallview Trail,cetchingham8a@ft.com,Husband,299
300,Archie,McLevie,Male,5798905041,6942 Marquette Plaza,amclevie8b@wikipedia.org,Brother,300
301,Gipsy,Jermey,Female,4757343298,019 School Street,gjermey8c@usatoday.com,Daughter,301
302,Loretta,Guillet,Female,7367639747,21 Birchwood Avenue,lguillet8d@huffingtonpost.com,Daughter,302
303,Evanne,Blackie,Female,1191411365,8 Mallory Way,eblackie8e@usnews.com,Son,303
304,Abbe,Wolvey,Male,5829310380,16 Glendale Court,awolvey8f@goo.ne.jp,Father,304
305,Perkin,Housiaux,Male,4213313108,8612 Claremont Parkway,phousiaux8g@uiuc.edu,Father,305
306,Jaquith,Barrott,Female,4796225954,5 Veith Court,jbarrott8h@vk.com,Daughter,306
307,Rusty,Skoof,Male,8398387453,42 Stoughton Point,rskoof8i@slideshare.net,Mother-in-law,307
308,Lavinie,Kidder,Female,8004746441,686 Debs Terrace,lkidder8j@163.com,Father,308
309,Geoffrey,Hexam,Male,7082628781,10814 Welch Parkway,ghexam8k@wiley.com,Boyfriend,309
310,Bryn,Daud,Male,5049336368,1 Forster Alley,bdaud8l@merriam-webster.com,Husband,310
311,Bonnie,Arundel,Female,9194096832,5121 Forster Place,barundel8m@symantec.com,Father-in-law,311
312,Starlin,Loughead,Female,6516279354,017 Ryan Street,sloughead8n@fc2.com,Grandmother,312
313,Tad,Diviney,Male,5179149056,084 Ramsey Terrace,tdiviney8o@nydailynews.com,Wife,313
314,Jamesy,Jurca,Male,5928276295,0 Hagan Junction,jjurca8p@state.tx.us,Daughter,314
315,Barb,O'Collopy,Female,1266674048,23117 High Crossing Lane,bocollopy8q@kickstarter.com,Brother,315
316,Charmian,McGreay,Female,9718751257,3 Talmadge Circle,cmcgreay8r@facebook.com,Stepfather,316
317,Justen,Fordyce,Male,7172165269,6 West Terrace,jfordyce8s@wikispaces.com,Brother,317
318,Eddy,Cazin,Female,7908790956,64866 Crest Line Hill,ecazin8t@wiley.com,Cousin,318
319,Chase,Paulsson,Male,1656036930,563 Pierstorff Lane,cpaulsson8u@huffingtonpost.com,Uncle,319
320,Wendel,Rowlinson,Female,2741121545,34234 Anderson Street,wrowlinson8v@dell.com,Wife,320
321,Wittie,Chivers,Male,5877365163,01 Stoughton Circle,wchivers8w@diigo.com,Son,321
322,Rozina,Meadows,Female,7135394583,26 Buena Vista Road,rmeadows8x@bloomberg.com,Stepmother,322
323,Sidoney,MacWhan,Female,6862615633,6102 Oak Valley Road,smacwhan8y@hubpages.com,Grandmother,323
324,Aluin,Hawkins,Male,8844240047,7 Sherman Terrace,ahawkins8z@howstuffworks.com,Grandmother,324
325,Lorie,Norcott,Female,6661400120,5 West Road,lnorcott90@blogspot.com,Wife,325
326,Pamela,Spincke,Female,5769893964,731 Boyd Way,pspincke91@hao123.com,Son,326
327,Cornie,Jiracek,Male,2283808401,62 Elmside Lane,cjiracek92@google.co.uk,Boyfriend,327
328,Townsend,Mathey,Male,8611726181,9 Eagle Crest Lane,tmathey93@pen.io,Daughter,328
329,Bili,Rossetti,Female,9073093144,204 Saint Paul Alley,brossetti94@cdbaby.com,Niece,329
330,Saw,Van der Mark,Male,7083157505,467 Bobwhite Avenue,svandermark95@geocities.com,Niece,330
331,Berget,Buckland,Female,7841401424,15199 Buell Trail,bbuckland96@ftc.gov,Brother-in-law,331
332,Madel,Ebbs,Female,7743368775,1 Granby Hill,mebbs97@toplist.cz,Grandmother,332
333,Nahum,Rainbow,Male,1072216259,129 Comanche Place,nrainbow98@elpais.com,Father,333
334,Alfons,Filipovic,Male,2733287698,95 Delaware Point,afilipovic99@friendfeed.com,Brother-in-law,334
335,Collette,Rack,Female,4163386204,0978 Sachs Plaza,crack9a@ebay.com,Wife,335
336,Ignace,Calderon,Male,6188966539,08 Oak Drive,icalderon9b@naver.com,Daughter,336
337,Henka,Maryman,Female,3502700051,2246 Golf Course Junction,hmaryman9c@1und1.de,Grandfather,337
338,Karylin,Hellin,Female,6558808364,382 Starling Street,khellin9d@pagesperso-orange.fr,Uncle,338
339,Sinclare,Beardwell,Male,7982394359,19490 Pond Crossing,sbeardwell9e@de.vu,Girlfriend,339
340,Joelle,Furmenger,Female,7708797395,333 Buena Vista Alley,jfurmenger9f@accuweather.com,Brother-in-law,340
341,Jen,Flindall,Female,5112265073,0 Westport Circle,jflindall9g@nytimes.com,Grandfather,341
342,Earle,Caig,Male,3834508733,221 Wayridge Parkway,ecaig9h@amazon.co.uk,Nephew,342
343,Baxter,Oxnam,Male,6753550827,8 Holmberg Plaza,boxnam9i@weibo.com,Father,343
344,Beck,Ruggles,Male,4464328408,3 Park Meadow Pass,bruggles9j@cyberchimps.com,Mother,344
345,Giles,Rakestraw,Other,1204704015,3526 Russell Center,grakestraw9k@dailymail.co.uk,Niece,345
346,Nathanil,Klehyn,Male,6217447519,82 Dovetail Junction,nklehyn9l@google.pl,Nephew,346
347,Tarrance,Daville,Male,8584879631,0164 Bobwhite Avenue,tdaville9m@qq.com,Husband,347
348,Rustie,Mattsson,Male,8824186396,1971 Sachs Park,rmattsson9n@buzzfeed.com,Father-in-law,348
349,Rochella,Ewells,Female,8679019801,88667 Katie Point,rewells9o@vimeo.com,Grandfather,349
350,Aluin,Sambeck,Male,6695012297,264 Ramsey Point,asambeck9p@joomla.org,Boyfriend,350
351,Rog,Mullaly,Male,8964589557,06 Sachtjen Alley,rmullaly9q@etsy.com,Daughter,351
352,Vivianne,Frickey,Female,4102910733,6258 Schiller Way,vfrickey9r@webnode.com,Niece,352
353,Murielle,Shorter,Female,9871787111,9 Sommers Lane,mshorter9s@deliciousdays.com,Uncle,353
354,Meredeth,Doog,Male,1188024091,6181 Stoughton Court,mdoog9t@pen.io,Mother-in-law,354
355,Karleen,Nolda,Female,5716454800,338 Nova Way,knolda9u@lulu.com,Sister,355
356,Gan,Bohey,Male,1555467640,1 Monument Center,gbohey9v@shinystat.com,Brother-in-law,356
357,Stepha,Jankowski,Female,1058982667,64989 Novick Park,sjankowski9w@eventbrite.com,Girlfriend,357
358,Felizio,Ockendon,Male,6123637769,87 Valley Edge Road,fockendon9x@aol.com,Nephew,358
359,Vite,Legion,Male,8308651494,00875 Fuller Lane,vlegion9y@csmonitor.com,Stepfather,359
360,Erie,Bucknill,Male,6719144132,171 Troy Trail,ebucknill9z@simplemachines.org,Stepmother,360
361,Amitie,Milby,Female,1361802077,51380 Coolidge Plaza,amilbya0@reuters.com,Stepfather,361
362,Victor,Fishbie,Male,5457044950,17 Buell Circle,vfishbiea1@wordpress.org,Boyfriend,362
363,Theo,Scrase,Male,1762735673,2235 Heffernan Drive,tscrasea2@netvibes.com,Sister-in-law,363
364,Miltie,Peerman,Male,7321755220,92 Arapahoe Junction,mpeermana3@jalbum.net,Wife,364
365,Salmon,Bernaert,Male,4799738542,7545 Cody Lane,sbernaerta4@typepad.com,Nephew,365
366,Susan,Skoof,Male,3449758025,3 Hanson Hill,sskoofa5@gravatar.com,Niece,366
367,Fancie,Smallridge,Female,5404081414,3 Kenwood Circle,fsmallridgea6@jigsy.com,Grandmother,367
368,Merry,Terrell,Male,8859457275,8 3rd Junction,mterrella7@1688.com,Grandfather,368
369,Karlan,Reedy,Male,8018308973,451 Macpherson Road,kreedya8@arstechnica.com,Nephew,369
370,Adam,Ivanovic,Male,3231289845,0736 Warbler Park,aivanovica9@cornell.edu,Grandmother,370
371,Korney,Edmunds,Female,4512491283,4749 Raven Hill,kedmundsaa@multiply.com,Daughter,371
372,Rustie,Crackett,Male,1186426786,0313 Green Ridge Lane,rcrackettab@moonfruit.com,Wife,372
373,Petrina,Pettiford,Female,5897198624,90 Sunbrook Court,ppettifordac@symantec.com,Mother-in-law,373
374,Sylas,Primmer,Male,2165212233,53 Butterfield Center,sprimmerad@infoseek.co.jp,Niece,374
375,Peta,Toleman,Female,7351401859,3 Pierstorff Lane,ptolemanae@omniture.com,Mother-in-law,375
376,Carce,Benzies,Male,3694131863,83995 Annamark Pass,cbenziesaf@vinaora.com,Father-in-law,376
377,Salvatore,Benge,Male,3394719160,415 Saint Paul Pass,sbengeag@guardian.co.uk,Brother,377
378,Lindon,Lapthorne,Male,9364190146,0371 Memorial Park,llapthorneah@cbslocal.com,Girlfriend,378
379,Abel,Stonestreet,Other,3228346489,2 Tennyson Park,astonestreetai@msu.edu,Brother,379
380,Markos,McCutcheon,Male,7252406079,07067 Hanover Park,mmccutcheonaj@behance.net,Niece,380
381,Barris,Goodrum,Male,6592245441,407 Declaration Point,bgoodrumak@go.com,Father-in-law,381
382,Andre,Siggee,Other,4718831878,750 Jay Pass,asiggeeal@mlb.com,Nephew,382
383,Pepita,Janeway,Female,2867232712,12447 Trailsway Parkway,pjanewayam@eventbrite.com,Brother,383
384,Reidar,Clemett,Male,1593481436,6 Bobwhite Junction,rclemettan@eventbrite.com,Uncle,384
385,Aubree,Klimp,Female,1042405006,01 Maple Wood Avenue,aklimpao@bbc.co.uk,Father,385
386,Devi,Diggar,Female,8093001361,9548 Independence Lane,ddiggarap@free.fr,Father,386
387,Rossy,Skerman,Male,4195948491,7 Merry Alley,rskermanaq@chicagotribune.com,Stepmother,387
388,Eachelle,Battey,Female,6338727328,335 Mccormick Drive,ebatteyar@ucla.edu,Stepfather,388
389,Hardy,Snepp,Male,2846325716,6432 Gerald Avenue,hsneppas@mac.com,Grandmother,389
390,Lanie,Dowty,Female,6874536917,690 Hansons Terrace,ldowtyat@loc.gov,Husband,390
391,Aguie,Lonergan,Male,9539607956,526 Hoard Road,alonerganau@home.pl,Daughter,391
392,Chelsea,Malcolmson,Female,9572500641,85040 Sachtjen Lane,cmalcolmsonav@twitpic.com,Uncle,392
393,Langsdon,Maudson,Male,5077513341,73490 1st Plaza,lmaudsonaw@sina.com.cn,Aunt,393
394,Norri,Drescher,Female,6116469972,88 Schmedeman Way,ndrescherax@ucoz.com,Girlfriend,394
395,Ezmeralda,Barhams,Other,9466440949,97 Riverside Point,ebarhamsay@goo.ne.jp,Aunt,395
396,Anni,Stovell,Other,8097796924,6 Moulton Street,astovellaz@hostgator.com,Niece,396
397,Petronella,Tremble,Female,2642520475,1 Dakota Alley,ptrembleb0@photobucket.com,Stepmother,397
398,Hirsch,McVaugh,Male,2645532034,60 Grayhawk Terrace,hmcvaughb1@nifty.com,Husband,398
399,Mufi,Cosslett,Female,9699093822,914 Larry Alley,mcosslettb2@goodreads.com,Mother-in-law,399
400,Carce,Darte,Male,8241704895,5 Briar Crest Court,cdarteb3@abc.net.au,Father-in-law,400
401,Isaac,Groveham,Male,9908169650,720 Westport Court,igrovehamb4@disqus.com,Girlfriend,401
402,Katrina,O'Doran,Female,2621118942,0 Prairie Rose Road,kodoranb5@nba.com,Father,402
403,Welbie,Siege,Male,1011427509,56 Eastwood Hill,wsiegeb6@seattletimes.com,Husband,403
404,Kathryn,Whale,Female,6955029407,6 Gina Avenue,kwhaleb7@ucsd.edu,Daughter,404
405,Rennie,Dyter,Female,9276739508,18 Hintze Circle,rdyterb8@twitpic.com,Stepmother,405
406,Millicent,Waine,Female,3779968831,47025 Stuart Crossing,mwaineb9@noaa.gov,Brother-in-law,406
407,Kit,Lettsom,Male,1206352710,855 Bay Drive,klettsomba@un.org,Brother,407
408,Germayne,Humberstone,Male,2236427651,54286 Hooker Plaza,ghumberstonebb@networksolutions.com,Sister-in-law,408
409,Lynnelle,Steed,Female,1601020682,23 Cascade Junction,lsteedbc@cocolog-nifty.com,Stepmother,409
410,Towney,Horley,Male,7579892184,27433 Graceland Hill,thorleybd@scribd.com,Stepfather,410
411,Giacopo,Marrow,Male,4493135636,957 Fairfield Point,gmarrowbe@shinystat.com,Sister-in-law,411
412,Sanders,Tocqueville,Male,2912467375,638 Dahle Crossing,stocquevillebf@nature.com,Girlfriend,412
413,Alica,Knappe,Female,5009458844,82 Cordelia Lane,aknappebg@princeton.edu,Brother-in-law,413
414,Lidia,Gabler,Female,7608658175,69089 2nd Plaza,lgablerbh@fc2.com,Stepmother,414
415,Tome,Cosbee,Male,3708785591,79090 Bellgrove Crossing,tcosbeebi@eventbrite.com,Mother,415
416,Kayle,Mushart,Female,1495288030,90 Stephen Trail,kmushartbj@howstuffworks.com,Aunt,416
417,Tucker,Mortlock,Other,9604651985,88 Oak Valley Place,tmortlockbk@g.co,Boyfriend,417
418,Eva,Olding,Female,3902186838,5694 Drewry Street,eoldingbl@opensource.org,Brother-in-law,418
419,Benyamin,Attfield,Male,7664680910,218 Quincy Plaza,battfieldbm@posterous.com,Father,419
420,Claiborne,Tomalin,Male,6395391924,38 Sunnyside Court,ctomalinbn@hhs.gov,Cousin,420
421,Drugi,Bloxsom,Male,4135088424,38 Acker Way,dbloxsombo@sciencedaily.com,Wife,421
422,Marie,Kleisle,Female,2513355661,60780 Bartillon Hill,mkleislebp@latimes.com,Mother-in-law,422
423,Berenice,Springall,Female,6848815358,3 Loeprich Crossing,bspringallbq@redcross.org,Aunt,423
424,Carlie,Eastop,Male,9154048204,9928 Lawn Point,ceastopbr@chron.com,Aunt,424
425,Jada,Clouston,Female,6325015303,631 Fairfield Pass,jcloustonbs@who.int,Nephew,425
426,Jens,Abrahmson,Other,1299041259,489 Waxwing Court,jabrahmsonbt@hc360.com,Sister-in-law,426
427,Elias,Hedgeman,Male,2764541782,447 Washington Junction,ehedgemanbu@comcast.net,Grandmother,427
428,Jenelle,Staig,Female,1006033726,47 Lakewood Gardens Lane,jstaigbv@trellian.com,Stepmother,428
429,Lise,Kiddle,Female,1242966468,0015 Fieldstone Point,lkiddlebw@homestead.com,Grandfather,429
430,Massimiliano,Erskin,Male,5137804437,8 Rockefeller Plaza,merskinbx@state.tx.us,Wife,430
431,Sallyann,Brader,Female,6064937931,83104 Farragut Court,sbraderby@scribd.com,Uncle,431
432,Norine,Kerrane,Female,2728522028,2 Spenser Junction,nkerranebz@cafepress.com,Aunt,432
433,Jorrie,Godridge,Female,2023576034,694 Erie Terrace,jgodridgec0@macromedia.com,Cousin,433
434,Hunt,Borthram,Male,8587761511,962 Dakota Trail,hborthramc1@stumbleupon.com,Husband,434
435,Camel,Caunter,Female,8421785402,3 Pearson Terrace,ccaunterc2@smh.com.au,Mother-in-law,435
436,Shea,Battin,Female,7706991980,9490 Miller Trail,sbattinc3@skype.com,Sister-in-law,436
437,Cynthia,Mattusov,Female,2249249269,88195 Reinke Lane,cmattusovc4@zimbio.com,Grandfather,437
438,Marcel,Stoffersen,Male,9147966997,8 Esch Trail,mstoffersenc5@moonfruit.com,Stepfather,438
439,Elinor,Brumen,Female,4782851215,2 Wayridge Crossing,ebrumenc6@addthis.com,Cousin,439
440,Gabbey,Perfitt,Other,4472875269,563 Cascade Parkway,gperfittc7@acquirethisname.com,Sister,440
441,Erie,Brabban,Male,4962472122,2930 Fieldstone Parkway,ebrabbanc8@homestead.com,Nephew,441
442,Caitlin,Sizzey,Female,4419864263,26 Thierer Place,csizzeyc9@google.nl,Cousin,442
443,Mina,Keilty,Female,1415407519,485 Macpherson Hill,mkeiltyca@alexa.com,Daughter,443
444,Doroteya,Mathevet,Female,5947115697,6 Mallory Road,dmathevetcb@sun.com,Mother,444
445,Martainn,Snelgrove,Other,8761265775,3 Center Point,msnelgrovecc@irs.gov,Uncle,445
446,Reuven,Udey,Male,2716728531,661 Meadow Valley Trail,rudeycd@reuters.com,Cousin,446
447,Aaron,Martusewicz,Male,5668037757,01295 Glacier Hill Point,amartusewiczce@usa.gov,Cousin,447
448,Codie,Liversedge,Male,1492973960,670 Bellgrove Circle,cliversedgecf@mtv.com,Grandfather,448
449,Marni,Warner,Female,5891693795,058 Tennessee Crossing,mwarnercg@ox.ac.uk,Husband,449
450,Wilona,Brayley,Female,1649564033,54845 Little Fleur Parkway,wbrayleych@youku.com,Girlfriend,450
451,Kaile,Passman,Female,3338184081,87761 Sundown Road,kpassmanci@cbsnews.com,Husband,451
452,Midge,Dreini,Female,6281360283,0235 Browning Point,mdreinicj@miibeian.gov.cn,Aunt,452
453,Jo,Lightwing,Other,6355432922,408 Briar Crest Point,jlightwingck@census.gov,Grandfather,453
454,Jaimie,Krystek,Male,6191993537,6453 Drewry Circle,jkrystekcl@wordpress.com,Father-in-law,454
455,Fremont,Preon,Male,2412161040,7 Everett Plaza,fpreoncm@apple.com,Nephew,455
456,Darcy,Bradley,Male,3212102806,0307 Pearson Place,dbradleycn@epa.gov,Daughter,456
457,Hartwell,Swynfen,Male,2024249267,85 Starling Center,hswynfenco@rakuten.co.jp,Niece,457
458,Keary,Fussen,Male,8289592622,649 Melrose Park,kfussencp@mayoclinic.com,Brother-in-law,458
459,Archy,Sibbs,Male,9485088180,1 Old Shore Crossing,asibbscq@blog.com,Girlfriend,459
460,Daven,Branton,Male,7763368570,4618 Eastlawn Crossing,dbrantoncr@yellowbook.com,Aunt,460
461,Ralina,Chaundy,Female,8882750912,47427 Kipling Point,rchaundycs@who.int,Daughter,461
462,Priscilla,Wanklyn,Female,5032581841,114 Veith Drive,pwanklynct@booking.com,Brother,462
463,Richart,Edgeson,Male,8963030466,0 Talisman Place,redgesoncu@goo.ne.jp,Husband,463
464,Arel,Latchford,Male,6049871885,903 Coolidge Center,alatchfordcv@weibo.com,Brother-in-law,464
465,Garreth,Franceschi,Male,3686370346,2646 Monica Way,gfranceschicw@fema.gov,Daughter,465
466,Thelma,Burdass,Female,2708250013,43141 Corben Lane,tburdasscx@slashdot.org,Grandmother,466
467,Moss,Manilove,Male,9894339264,91578 Center Court,mmanilovecy@aboutads.info,Stepfather,467
468,Dillie,Cooksley,Male,7523254712,963 Prairieview Court,dcooksleycz@canalblog.com,Sister,468
469,Irving,Mathet,Male,9409747368,7 Red Cloud Road,imathetd0@state.gov,Aunt,469
470,Kassi,Rickardes,Female,1352602416,7778 Lakewood Gardens Junction,krickardesd1@wikispaces.com,Mother-in-law,470
471,Tanitansy,Sedger,Female,8796307527,2540 Dottie Lane,tsedgerd2@arizona.edu,Daughter,471
472,Eugenie,Treske,Other,3634398506,4464 Meadow Vale Alley,etresked3@fotki.com,Mother-in-law,472
473,Shellysheldon,Beaves,Male,2806097326,3 Westridge Park,sbeavesd4@buzzfeed.com,Father-in-law,473
474,My,Crowson,Male,9179318983,1 Messerschmidt Plaza,mcrowsond5@networksolutions.com,Daughter,474
475,Gavin,Wallwork,Male,3277178347,24 Tennyson Junction,gwallworkd6@people.com.cn,Boyfriend,475
476,Dudley,Lockyear,Male,2838667186,9 Lukken Way,dlockyeard7@time.com,Daughter,476
477,Kora,Romeril,Other,4345546335,91 Lillian Street,kromerild8@msu.edu,Brother-in-law,477
478,Kris,Reilingen,Female,4022848302,99 Golden Leaf Place,kreilingend9@csmonitor.com,Sister,478
479,Pyotr,Grace,Male,3667415375,923 Green Ridge Trail,pgraceda@flavors.me,Girlfriend,479
480,Johnath,Le Clercq,Female,4036535581,8 Nancy Plaza,jleclercqdb@noaa.gov,Father,480
481,Cristian,Colton,Male,6632818846,679 Hanover Street,ccoltondc@hubpages.com,Husband,481
482,Rori,Agerskow,Female,8919671259,72509 Rockefeller Crossing,ragerskowdd@chicagotribune.com,Niece,482
483,Barnabe,Prazor,Male,3062072964,7341 1st Parkway,bprazorde@friendfeed.com,Son,483
484,Darn,Grant,Male,3767446643,7120 Lakewood Gardens Pass,dgrantdf@addtoany.com,Boyfriend,484
485,Nicolle,Raynham,Female,8489706764,17437 Oakridge Point,nraynhamdg@tinypic.com,Husband,485
486,Silvester,Turk,Male,3052421622,1319 Burrows Trail,sturkdh@sciencedaily.com,Father-in-law,486
487,Heinrik,Blaylock,Male,9537495961,782 Mccormick Parkway,hblaylockdi@reverbnation.com,Sister,487
488,Shurlock,Sparwell,Male,6305463979,9 Forest Run Parkway,ssparwelldj@apple.com,Mother-in-law,488
489,Camille,Lamberto,Female,8978162149,1284 Stang Road,clambertodk@mit.edu,Brother,489
490,Carce,Liven,Male,7677458307,52508 Lakewood Court,clivendl@discuz.net,Aunt,490
491,Stephan,Bartolacci,Male,1027575935,1534 Havey Circle,sbartolaccidm@altervista.org,Mother,491
492,Gizela,Attoe,Female,2057909914,8055 Scoville Way,gattoedn@reddit.com,Brother,492
493,Jordanna,Leve,Female,9229892816,80085 Steensland Trail,jlevedo@sciencedaily.com,Father-in-law,493
494,Liam,Digweed,Male,8258912994,69896 Memorial Court,ldigweeddp@about.me,Girlfriend,494
495,Junie,Standish,Female,7052829998,711 Carey Lane,jstandishdq@ow.ly,Grandmother,495
496,Liza,Arrol,Female,6204487969,4 Canary Court,larroldr@arizona.edu,Son,496
497,Pancho,Chattoe,Male,4576509643,5 Chive Terrace,pchattoeds@blog.com,Sister-in-law,497
498,Ralph,Rosewell,Male,4764719761,10381 Mallory Street,rrosewelldt@dot.gov,Aunt,498
499,Gardy,Dinkin,Male,7037323812,687 Meadow Vale Trail,gdinkindu@auda.org.au,Mother,499
500,Beatriz,Tellett,Female,1858223489,91 Di Loreto Plaza,btellettdv@usa.gov,Daughter,500
501,Nicolis,Raisher,Male,3231984917,89483 Hauk Pass,nraisherdw@google.it,Stepfather,501
502,Raymond,Harvett,Other,4612926088,6 Schlimgen Pass,rharvettdx@shutterfly.com,Mother-in-law,502
503,Mattheus,McGiffie,Other,3654627374,161 Hagan Park,mmcgiffiedy@wunderground.com,Son,503
504,Catharine,Hearnes,Female,4986795320,7562 Hoard Road,chearnesdz@github.io,Wife,504
505,Louisa,Rushby,Female,8566504858,04189 Paget Hill,lrushbye0@alexa.com,Niece,505
506,Clemmie,Pfertner,Male,6073948941,90545 Wayridge Road,cpfertnere1@skype.com,Niece,506
507,Milka,Vasyagin,Female,2893897607,71198 Shoshone Drive,mvasyagine2@psu.edu,Cousin,507
508,Vitoria,Slowan,Female,3535177315,4 Novick Court,vslowane3@google.ru,Father,508
509,Nikos,Elvin,Male,3535194639,54 Sachs Center,nelvine4@yelp.com,Grandfather,509
510,Kaila,Giacometti,Male,4139459202,5 Stephen Court,kgiacomettie5@hexun.com,Wife,510
511,Karlotta,Ruddin,Female,5495355909,6 Hollow Ridge Parkway,kruddine6@huffingtonpost.com,Grandfather,511
512,Far,Forsbey,Male,1774804470,5 Burrows Lane,fforsbeye7@tmall.com,Father,512
513,Sherwin,Milburne,Male,8858395281,8 Logan Parkway,smilburnee8@cargocollective.com,Mother,513
514,Bernetta,Rabbitts,Female,6788297166,00 Lake View Park,brabbittse9@google.cn,Girlfriend,514
515,Ted,Downes,Male,2226033040,657 Superior Parkway,tdownesea@elpais.com,Boyfriend,515
516,Idaline,Attwell,Female,6047254964,337 Waxwing Trail,iattwelleb@wix.com,Nephew,516
517,Baxie,Trayford,Male,2669863983,94449 Farwell Alley,btrayfordec@cocolog-nifty.com,Nephew,517
518,Meredithe,Killby,Female,4779934704,386 Farmco Place,mkillbyed@deviantart.com,Cousin,518
519,Alanna,Dy,Female,1438162742,334 Mitchell Park,adyee@hp.com,Daughter,519
520,Timmy,Colquite,Male,6137237247,6 Goodland Street,tcolquiteef@pagesperso-orange.fr,Wife,520
521,Caresse,Croxall,Female,1128436572,46 Bonner Drive,ccroxalleg@nps.gov,Father-in-law,521
522,York,Gauch,Male,3604600489,97880 Clyde Gallagher Crossing,ygaucheh@lulu.com,Son,522
523,Hall,MacGragh,Male,5708741503,702 Mosinee Trail,hmacgraghei@hatena.ne.jp,Father,523
524,Jordain,Reveley,Female,2961029344,1 Memorial Pass,jreveleyej@nydailynews.com,Grandfather,524
525,Amitie,Lownsbrough,Male,4528358862,227 Morning Pass,alownsbroughek@zdnet.com,Wife,525
526,Pernell,Root,Male,7961522559,0 Cherokee Center,prootel@wix.com,Niece,526
527,Sisile,Sturton,Female,5381162120,88480 Glendale Park,ssturtonem@prlog.org,Sister,527
528,Malynda,Yabsley,Female,5008383626,1 Meadow Valley Court,myabsleyen@state.tx.us,Father-in-law,528
529,Curran,Beddard,Male,7156205937,19237 Lyons Pass,cbeddardeo@ning.com,Stepfather,529
530,Alyss,Kilbey,Female,1438624485,6 Quincy Center,akilbeyep@wunderground.com,Daughter,530
531,Gabriell,Arnaldy,Female,1239126807,38 Victoria Street,garnaldyeq@yellowpages.com,Boyfriend,531
532,Teddy,Parrin,Male,7882703726,62 Farmco Pass,tparriner@blinklist.com,Grandfather,532
533,Tore,Bryning,Male,1352337809,21 Luster Place,tbryninges@amazonaws.com,Brother-in-law,533
534,Reginald,Howells,Male,3916926343,649 Village Green Point,rhowellset@ow.ly,Father,534
535,Helge,Vaneschi,Female,1646057085,9295 American Ash Pass,hvaneschieu@squarespace.com,Grandmother,535
536,Harman,Cuffley,Other,8277113382,7001 Canary Trail,hcuffleyev@cbsnews.com,Father-in-law,536
537,Juliann,Withrington,Female,3862913173,43304 Morrow Street,jwithringtonew@nhs.uk,Boyfriend,537
538,Legra,Waldie,Female,1036419591,4342 Merrick Drive,lwaldieex@barnesandnoble.com,Grandfather,538
539,Stanford,Gouldie,Male,6596694289,5628 New Castle Terrace,sgouldieey@umn.edu,Wife,539
540,Teresa,Bruffell,Female,5502734416,6946 Springview Pass,tbruffellez@clickbank.net,Stepfather,540
541,Vivyan,Pulster,Female,3216544596,168 Hansons Plaza,vpulsterf0@behance.net,Father,541
542,Conney,Spracklin,Male,5311677787,3 Talisman Place,cspracklinf1@hugedomains.com,Stepmother,542
543,Thomas,Thor,Male,6252617279,2 Jay Junction,tthorf2@imdb.com,Boyfriend,543
544,Ruy,Fergusson,Male,7362817898,64 Dottie Lane,rfergussonf3@fastcompany.com,Sister,544
545,Jeremiah,Bockin,Male,5162910916,0 Sheridan Hill,jbockinf4@exblog.jp,Grandmother,545
546,Marja,Towers,Female,1902248253,05 Corry Avenue,mtowersf5@army.mil,Father-in-law,546
547,Meggie,Stoven,Female,3643853922,528 Carioca Hill,mstovenf6@shop-pro.jp,Stepfather,547
548,Darnall,Hefforde,Male,1759561921,3 Manufacturers Terrace,dheffordef7@uol.com.br,Nephew,548
549,Aube,Candy,Male,2682795261,26 Fieldstone Trail,acandyf8@fda.gov,Brother,549
550,Symon,Cowp,Male,1213184834,63 Sherman Parkway,scowpf9@nhs.uk,Cousin,550
551,Kaela,Harmson,Female,4151222019,01 Oneill Junction,kharmsonfa@timesonline.co.uk,Brother,551
552,Modestia,Olpin,Female,8485651372,840 Meadow Vale Street,molpinfb@alibaba.com,Aunt,552
553,Lem,Brobyn,Male,7372056772,46 Cardinal Junction,lbrobynfc@cmu.edu,Sister-in-law,553
554,Arabele,Sherlock,Female,4688230572,9720 Johnson Lane,asherlockfd@sogou.com,Stepfather,554
555,Codee,Tredwell,Female,3777565439,0 Duke Way,ctredwellfe@51.la,Sister,555
556,Myranda,Moberley,Female,1228373418,5 Spohn Crossing,mmoberleyff@mozilla.com,Brother-in-law,556
557,Alberto,Dewey,Male,5746829760,13116 Kipling Avenue,adeweyfg@mtv.com,Son,557
558,Derwin,Cantrill,Other,2104947843,0722 Sachtjen Place,dcantrillfh@google.fr,Daughter,558
559,Blondelle,Domoni,Female,9675757816,03 East Pass,bdomonifi@shareasale.com,Son,559
560,Tiphani,Manwell,Female,9565845653,05891 Ramsey Circle,tmanwellfj@google.com.au,Boyfriend,560
561,Shanda,Drayn,Female,3731218019,75 Michigan Drive,sdraynfk@rambler.ru,Brother-in-law,561
562,Nichols,Westhoff,Male,4717422104,0460 Eggendart Park,nwesthofffl@dmoz.org,Stepfather,562
563,Odella,Adolf,Female,5737522546,5191 Milwaukee Parkway,oadolffm@t-online.de,Father-in-law,563
564,Egon,Grewer,Male,3949613080,0335 Bultman Center,egrewerfn@noaa.gov,Brother-in-law,564
565,Elberta,Nicholls,Female,3859620656,41 Colorado Center,enichollsfo@sciencedaily.com,Mother,565
566,Caprice,McWhinnie,Female,5723487194,6757 Mifflin Way,cmcwhinniefp@nytimes.com,Grandfather,566
567,Patton,Costellow,Male,4185823311,0617 Columbus Trail,pcostellowfq@whitehouse.gov,Grandfather,567
568,Viviyan,Edy,Female,1978186421,02 Aberg Parkway,vedyfr@simplemachines.org,Mother,568
569,Raf,Madgwich,Female,3979474258,53 Almo Lane,rmadgwichfs@tinypic.com,Sister-in-law,569
570,Zeke,Golton,Other,1337626696,489 Westerfield Avenue,zgoltonft@umich.edu,Stepmother,570
571,Burg,Alyukin,Male,4786269747,93909 Blue Bill Park Place,balyukinfu@xrea.com,Father-in-law,571
572,Rudie,Artharg,Male,4295391253,7 Straubel Crossing,rarthargfv@prweb.com,Son,572
573,Allys,Tolchard,Female,7047492198,3380 Schiller Court,atolchardfw@virginia.edu,Father-in-law,573
574,Dal,Bennison,Male,9298056328,24 Melby Park,dbennisonfx@go.com,Daughter,574
575,Vale,Maund,Male,8386398151,86 Prairieview Hill,vmaundfy@amazon.com,Grandmother,575
576,Loree,McCague,Female,2068594608,819 Browning Trail,lmccaguefz@networksolutions.com,Uncle,576
577,Shawn,Tunbridge,Male,6887759672,8071 Maryland Alley,stunbridgeg0@cornell.edu,Father-in-law,577
578,Barnaby,Emmet,Male,3952227787,8 Elgar Point,bemmetg1@youtube.com,Brother,578
579,Terrel,Downes,Male,5237661562,18 Susan Plaza,tdownesg2@tmall.com,Son,579
580,Loralyn,Phelan,Female,7998298650,652 Sachs Plaza,lphelang3@addtoany.com,Aunt,580
581,Lise,Brackstone,Other,3518209904,99 Clarendon Drive,lbrackstoneg4@goo.gl,Wife,581
582,Megan,Sprigg,Female,6988261641,4095 Pearson Circle,mspriggg5@smh.com.au,Nephew,582
583,Salim,Cyphus,Male,9514182047,6 Welch Pass,scyphusg6@icio.us,Uncle,583
584,Federica,Sawfoot,Female,9775516141,1155 Arrowood Road,fsawfootg7@icio.us,Stepmother,584
585,Koral,Standon,Female,3812238819,51 Pankratz Crossing,kstandong8@amazon.de,Uncle,585
586,Loella,Abreheart,Female,2411547269,6 Burrows Terrace,labreheartg9@1und1.de,Father-in-law,586
587,Pavia,Matussevich,Female,9033397903,7 Killdeer Trail,pmatussevichga@wikipedia.org,Stepfather,587
588,Evvy,Baulch,Female,9672450631,56749 Forest Drive,ebaulchgb@a8.net,Niece,588
589,Edith,Damarell,Female,1455550371,7824 Grasskamp Street,edamarellgc@blogtalkradio.com,Daughter,589
590,Othilie,de Grey,Other,1282354856,18567 Lakewood Gardens Hill,odegreygd@hubpages.com,Wife,590
591,Natasha,Tapin,Female,9334680884,2933 Kennedy Hill,ntapinge@aboutads.info,Aunt,591
592,Bartholemy,Brendel,Male,2771965860,81131 Cody Street,bbrendelgf@nytimes.com,Girlfriend,592
593,Shelden,Elsop,Other,4354970361,6723 Westerfield Trail,selsopgg@baidu.com,Wife,593
594,Franky,Paternoster,Male,5901557497,99031 Kenwood Alley,fpaternostergh@mlb.com,Father-in-law,594
595,Jorey,Routhorn,Female,2673532417,31 Pennsylvania Park,jrouthorngi@prweb.com,Daughter,595
596,Packston,Rawstorn,Male,3771005856,6534 Hanson Terrace,prawstorngj@japanpost.jp,Father-in-law,596
597,Susanetta,Mattusevich,Female,4345319810,40 Trailsway Way,smattusevichgk@yellowpages.com,Stepfather,597
598,Vilhelmina,Froud,Female,7251092562,10620 Delladonna Street,vfroudgl@sciencedaily.com,Wife,598
599,Pancho,Cuffley,Male,2281517007,8108 Barnett Crossing,pcuffleygm@artisteer.com,Stepmother,599
600,Remy,Wistance,Female,9157645203,28 Westport Way,rwistancegn@eepurl.com,Grandfather,600
601,Karyn,Tilly,Female,4853421041,41 Brickson Park Center,ktillygo@delicious.com,Sister-in-law,601
602,Isabeau,Abbatini,Female,1438067121,373 Orin Street,iabbatinigp@rediff.com,Sister-in-law,602
603,Alix,Heasman,Male,2443744926,83184 Anniversary Road,aheasmangq@dagondesign.com,Uncle,603
604,Matthaeus,Simnett,Male,6715790978,799 Cascade Trail,msimnettgr@slashdot.org,Wife,604
605,De,Camillo,Female,8506561579,9 Bartillon Park,dcamillogs@bbc.co.uk,Mother,605
606,Ansel,Scholfield,Male,5781374622,081 Ilene Court,ascholfieldgt@sphinn.com,Brother,606
607,Sheffie,Oleszkiewicz,Male,2384483189,5667 Lakewood Gardens Point,soleszkiewiczgu@foxnews.com,Sister-in-law,607
608,Elyn,Wasielewicz,Female,8121475928,71 Springview Pass,ewasielewiczgv@addthis.com,Husband,608
609,Ronnie,Finlason,Male,6514136282,33618 Eastlawn Place,rfinlasongw@yellowpages.com,Brother,609
610,Justinian,Yearns,Male,1609031419,96 Bowman Court,jyearnsgx@reverbnation.com,Father,610
611,Natalie,Lubman,Female,1418714951,43 6th Lane,nlubmangy@addtoany.com,Stepmother,611
612,Olive,Brolly,Female,9803099163,9650 Fallview Drive,obrollygz@si.edu,Grandfather,612
613,Emery,Maiden,Other,4332286223,5 Village Green Plaza,emaidenh0@wikispaces.com,Mother,613
614,Ethelda,Kamen,Female,2155375013,802 Tomscot Way,ekamenh1@stanford.edu,Father,614
615,Devora,Kryska,Female,7878035039,3266 Atwood Junction,dkryskah2@princeton.edu,Father,615
616,Shela,Brake,Female,3113626897,3966 Fisk Park,sbrakeh3@state.gov,Nephew,616
617,Jakob,Busch,Male,1378750526,86777 Fallview Hill,jbuschh4@abc.net.au,Mother-in-law,617
618,Dom,Shirrell,Male,9671584375,8 Vidon Road,dshirrellh5@timesonline.co.uk,Sister,618
619,Adelbert,Vigars,Male,9193557988,38 Dexter Center,avigarsh6@fda.gov,Brother-in-law,619
620,Ingeberg,Mossbee,Female,9999255860,540 Crest Line Road,imossbeeh7@ycombinator.com,Grandmother,620
621,Culley,Veysey,Male,5075961041,766 Annamark Alley,cveyseyh8@csmonitor.com,Brother-in-law,621
622,Hulda,Thurborn,Female,7837923420,2 Fairfield Parkway,hthurbornh9@360.cn,Daughter,622
623,Katharine,Mingay,Other,8715497013,69468 Manufacturers Plaza,kmingayha@vk.com,Brother,623
624,Rich,O'Cahill,Male,8597801616,7919 David Park,rocahillhb@rakuten.co.jp,Daughter,624
625,Moshe,MacNockater,Other,1862886175,74 Cascade Parkway,mmacnockaterhc@wikia.com,Father,625
626,Rafaellle,Doig,Other,5963381362,774 Onsgard Road,rdoighd@cnbc.com,Sister,626
627,Charity,Camillo,Female,4751396680,7919 Acker Road,ccamillohe@storify.com,Wife,627
628,Marsha,Worsalls,Female,3313637287,85 Sage Alley,mworsallshf@de.vu,Stepmother,628
629,Ammamaria,Codling,Female,7268031631,8 Lawn Point,acodlinghg@amazon.co.jp,Aunt,629
630,Gay,Dautry,Male,6557719108,55142 Hanson Terrace,gdautryhh@umn.edu,Girlfriend,630
631,Marwin,Shovlin,Male,2432944160,33764 Hazelcrest Circle,mshovlinhi@studiopress.com,Stepfather,631
632,Georgi,Akroyd,Male,2394416208,9 Independence Court,gakroydhj@examiner.com,Boyfriend,632
633,Cesar,Tremberth,Male,5733998352,5 Monument Drive,ctremberthhk@cbsnews.com,Aunt,633
634,Melissa,Clem,Other,6336035951,3793 Summit Drive,mclemhl@webeden.co.uk,Daughter,634
635,Uriel,Coopey,Male,5938054034,13 Green Point,ucoopeyhm@over-blog.com,Father-in-law,635
636,Mab,Seagood,Female,5759311444,72 Magdeline Way,mseagoodhn@amazonaws.com,Daughter,636
637,Liza,Baumler,Other,7991480103,73 Arrowood Circle,lbaumlerho@hc360.com,Sister-in-law,637
638,Tabatha,Somerlie,Female,5725025648,120 Wayridge Junction,tsomerliehp@bluehost.com,Nephew,638
639,Ashely,Viegas,Other,7156422187,81 Raven Plaza,aviegashq@google.com.hk,Aunt,639
640,Sal,Gehrels,Female,5744469029,81 Eagle Crest Terrace,sgehrelshr@nsw.gov.au,Aunt,640
641,Martguerita,Tunmore,Female,4026673454,3 Acker Drive,mtunmorehs@cbslocal.com,Father,641
642,Eolanda,Pudge,Female,2599438376,4 Hauk Park,epudgeht@networkadvertising.org,Mother,642
643,Chip,Reinhardt,Male,5742809018,56 Knutson Trail,creinhardthu@hatena.ne.jp,Niece,643
644,Maury,Aers,Male,8371029498,9 Fairview Hill,maershv@csmonitor.com,Girlfriend,644
645,Sonia,Dunstall,Female,8733385345,19770 Division Place,sdunstallhw@stanford.edu,Father-in-law,645
646,Kyle,Borrow,Male,9721818336,90 Alpine Hill,kborrowhx@pcworld.com,Grandmother,646
647,May,Wombwell,Other,5808150260,5644 Bowman Plaza,mwombwellhy@cbslocal.com,Grandfather,647
648,Sarita,Kinze,Female,3639980902,58118 Mcbride Parkway,skinzehz@addtoany.com,Niece,648
649,Myrle,Pitblado,Other,9423328703,39950 Manley Junction,mpitbladoi0@dot.gov,Sister,649
650,Ferdinande,Gallico,Female,9711791743,0 Washington Parkway,fgallicoi1@phpbb.com,Stepmother,650
651,Robinson,Bamborough,Male,2016505961,495 Monterey Pass,rbamboroughi2@usnews.com,Niece,651
652,Sutherlan,Yarranton,Male,2264366791,862 Cherokee Point,syarrantoni3@hud.gov,Uncle,652
653,Trey,McGirl,Male,9484444802,61878 Debs Park,tmcgirli4@posterous.com,Mother-in-law,653
654,Sukey,Baunton,Female,5504505712,7288 Briar Crest Crossing,sbauntoni5@sciencedaily.com,Father-in-law,654
655,Hercules,Kay,Male,3173813761,9 Utah Parkway,hkayi6@amazon.co.uk,Grandmother,655
656,Silas,Aishford,Male,6501494720,8789 Browning Point,saishfordi7@gizmodo.com,Grandmother,656
657,Wakefield,Reede,Male,6946592775,00461 Annamark Center,wreedei8@webeden.co.uk,Daughter,657
658,Ralph,Gryglewski,Male,2585569133,3 Manufacturers Junction,rgryglewskii9@example.com,Grandmother,658
659,Dorris,Mc Queen,Female,4409370000,66153 Boyd Circle,dmcqueenia@globo.com,Boyfriend,659
660,Ansell,Wedderburn,Male,2798734232,595 Lien Hill,awedderburnib@etsy.com,Nephew,660
661,Alexis,Maffiotti,Male,9045546493,8 Oakridge Trail,amaffiottiic@people.com.cn,Son,661
662,Nathanael,Wicken,Male,8301605637,7529 American Avenue,nwickenid@ustream.tv,Brother-in-law,662
663,Maighdiln,Tresler,Female,7021061881,91626 7th Center,mtreslerie@deliciousdays.com,Stepmother,663
664,Nickola,Alabastar,Male,8341742639,59680 Dennis Place,nalabastarif@1688.com,Sister,664
665,Issiah,von Hagt,Male,7755035695,31944 Annamark Center,ivonhagtig@ucoz.ru,Grandfather,665
666,Waiter,Lightbown,Male,9299952671,4 Evergreen Terrace,wlightbownih@globo.com,Uncle,666
667,Kamillah,Chinge de Hals,Female,2475073295,35 Westport Place,kchingedehalsii@gizmodo.com,Niece,667
668,Catharine,Annett,Female,2114686212,2501 Bonner Plaza,cannettij@issuu.com,Mother-in-law,668
669,Parrnell,Rounsivall,Male,4149776859,523 Barnett Parkway,prounsivallik@edublogs.org,Stepmother,669
670,Charmion,Bertelsen,Female,6604390260,7785 Buena Vista Junction,cbertelsenil@eepurl.com,Father-in-law,670
671,Katalin,Segges,Female,4349877131,2 Scott Road,kseggesim@deliciousdays.com,Aunt,671
672,Willi,Gonet,Female,4783644795,9 North Way,wgonetin@vk.com,Boyfriend,672
673,Justus,Rioch,Male,8289773650,90894 Union Alley,jriochio@ifeng.com,Brother-in-law,673
674,Tito,Sodor,Male,8929517403,0358 Stephen Park,tsodorip@themeforest.net,Daughter,674
675,Jacquenette,Strawbridge,Female,4317429031,13124 Marcy Road,jstrawbridgeiq@goo.gl,Boyfriend,675
676,Aeriell,Pennycuick,Female,4485979647,3386 Waxwing Junction,apennycuickir@jigsy.com,Boyfriend,676
677,Maje,Compton,Other,4214520506,95541 Canary Alley,mcomptonis@privacy.gov.au,Husband,677
678,Jereme,Grigoliis,Male,3326803476,8 Forest Dale Court,jgrigoliisit@ning.com,Husband,678
679,Ladonna,Allnutt,Female,7761583266,9 Armistice Drive,lallnuttiu@omniture.com,Mother-in-law,679
680,Barbra,Benham,Female,6248046602,349 Montana Court,bbenhamiv@hhs.gov,Aunt,680
681,Anstice,Engel,Female,4554978759,02619 Algoma Park,aengeliw@jalbum.net,Mother,681
682,Koralle,Andrysiak,Other,7886744031,72577 Warrior Court,kandrysiakix@redcross.org,Grandmother,682
683,Evey,Brumham,Female,9714125625,130 Eastlawn Alley,ebrumhamiy@statcounter.com,Brother-in-law,683
684,Talia,Ciobotaro,Female,1288656452,508 Rusk Center,tciobotaroiz@weibo.com,Father-in-law,684
685,Granville,Martell,Male,4928520386,1986 Mockingbird Center,gmartellj0@forbes.com,Father,685
686,Joey,Cosstick,Male,7011135279,87 Hallows Pass,jcosstickj1@sbwire.com,Wife,686
687,Bronny,Puddicombe,Male,1358093232,1380 Eagan Way,bpuddicombej2@nih.gov,Daughter,687
688,Case,Dahmke,Male,1544999576,7 Arizona Avenue,cdahmkej3@bigcartel.com,Sister-in-law,688
689,Koren,Knuckles,Female,1415970175,77 Clarendon Drive,kknucklesj4@eventbrite.com,Girlfriend,689
690,Mikel,Mitcheson,Male,3273988251,89825 Knutson Park,mmitchesonj5@tripadvisor.com,Grandfather,690
691,Daffie,McDermot,Female,6755020710,61 Golf Course Avenue,dmcdermotj6@istockphoto.com,Aunt,691
692,Tilly,D'Agostino,Female,7364001277,7273 High Crossing Park,tdagostinoj7@harvard.edu,Sister,692
693,Costa,Daniely,Male,9242716944,2 Bashford Court,cdanielyj8@cdc.gov,Girlfriend,693
694,Klement,McOmish,Male,1351780745,61853 Kedzie Point,kmcomishj9@etsy.com,Sister,694
695,Iseabal,Stonbridge,Female,6654551692,175 Bonner Center,istonbridgeja@hexun.com,Niece,695
696,Berry,Mateiko,Female,4115184069,47644 Luster Junction,bmateikojb@ehow.com,Father,696
697,Kristi,Coyett,Female,3207132440,7518 Melby Parkway,kcoyettjc@barnesandnoble.com,Daughter,697
698,Ced,O'Caherny,Male,6701824654,2525 Banding Point,cocahernyjd@nih.gov,Brother,698
699,Ilaire,Tours,Male,3399435894,517 Kedzie Street,itoursje@upenn.edu,Daughter,699
700,Tallie,Ligoe,Female,5101971075,14152 Sugar Terrace,tligoejf@foxnews.com,Daughter,700
701,Cullie,Outright,Male,4081104193,88 Jana Park,coutrightjg@bloomberg.com,Father,701
702,Fairfax,Piffe,Male,1429884019,38667 Monica Junction,fpiffejh@360.cn,Cousin,702
703,Tersina,Stempe,Other,8524615354,79054 Lien Place,tstempeji@ustream.tv,Wife,703
704,Bettye,Dunthorn,Female,5738530759,92 Daystar Circle,bdunthornjj@is.gd,Niece,704
705,Alane,Waszczyk,Female,2278329187,07 Gina Trail,awaszczykjk@accuweather.com,Stepfather,705
706,Rabi,Mollitt,Male,3348322782,31101 Rutledge Junction,rmollittjl@examiner.com,Son,706
707,Rea,Skillett,Female,8224924335,65 South Point,rskillettjm@omniture.com,Stepfather,707
708,Petronilla,Pittel,Female,7249964608,4 Vahlen Park,ppitteljn@nih.gov,Husband,708
709,Dorian,Wastie,Male,6765468641,65 Banding Street,dwastiejo@wisc.edu,Boyfriend,709
710,Cassie,Yesinin,Female,6924446242,57630 Del Sol Hill,cyesininjp@yolasite.com,Father,710
711,Shea,Abry,Male,4304149543,8612 Crowley Hill,sabryjq@hexun.com,Father-in-law,711
712,Clerc,Gamlyn,Male,5244342603,7914 Bashford Alley,cgamlynjr@fotki.com,Nephew,712
713,Cindi,Daouze,Female,6313520225,904 Loftsgordon Court,cdaouzejs@aol.com,Sister-in-law,713
714,Rudd,Gelderd,Male,4596939152,16937 Weeping Birch Pass,rgelderdjt@pen.io,Grandfather,714
715,Langston,MacSweeney,Male,8977226488,214 Bellgrove Parkway,lmacsweeneyju@sphinn.com,Wife,715
716,Clerissa,Grunnell,Female,5501141880,6357 Coleman Terrace,cgrunnelljv@myspace.com,Father-in-law,716
717,Boot,O'Dee,Male,4797259845,36679 Main Drive,bodeejw@multiply.com,Girlfriend,717
718,Alard,Brumwell,Male,1897441450,6 Commercial Junction,abrumwelljx@umn.edu,Boyfriend,718
719,Pattin,Tregido,Male,2406251890,941 Hanson Alley,ptregidojy@creativecommons.org,Grandmother,719
720,Elwin,Zanetto,Male,9596013264,89087 Darwin Pass,ezanettojz@apache.org,Grandmother,720
721,Northrop,Beatens,Male,1293282147,70778 Waubesa Junction,nbeatensk0@etsy.com,Sister,721
722,Lew,Scudder,Male,8372571828,2 Corben Trail,lscudderk1@sphinn.com,Sister-in-law,722
723,Derrek,Pealing,Male,8126697216,8 Loftsgordon Drive,dpealingk2@zdnet.com,Grandmother,723
724,Levon,Issac,Male,9684155282,7 Mosinee Pass,lissack3@t-online.de,Daughter,724
725,Jody,Hansed,Male,4222290955,4 Westend Plaza,jhansedk4@admin.ch,Grandfather,725
726,Vania,Lydster,Female,6727180215,021 Rockefeller Junction,vlydsterk5@skype.com,Son,726
727,Sanford,Clampton,Male,7409178337,6211 Forest Run Street,sclamptonk6@netlog.com,Sister,727
728,Cindie,Postle,Female,6234284474,90445 Stuart Circle,cpostlek7@wikispaces.com,Brother-in-law,728
729,Gabie,Hatrick,Female,3064592779,41391 Sage Avenue,ghatrickk8@dailymail.co.uk,Brother,729
730,Marshall,Flipsen,Other,2693367697,3731 Mitchell Road,mflipsenk9@networksolutions.com,Grandmother,730
731,Levi,Crudge,Male,8859264692,96971 Novick Center,lcrudgeka@cam.ac.uk,Grandfather,731
732,Kendal,Pardie,Male,3841734368,87245 Arkansas Place,kpardiekb@mit.edu,Mother-in-law,732
733,Chelsae,Ocklin,Female,3423881139,23 Northview Center,cocklinkc@hostgator.com,Nephew,733
734,Petronia,Karpman,Female,9848029627,42 Center Circle,pkarpmankd@comsenz.com,Stepfather,734
735,Kimberli,Gillion,Other,1807409122,7 Center Parkway,kgillionke@xrea.com,Mother,735
736,Stafford,O'Driscoll,Male,1774971310,004 Green Ridge Drive,sodriscollkf@stumbleupon.com,Boyfriend,736
737,Aluino,Leeds,Male,5652826537,434 Meadow Ridge Pass,aleedskg@zimbio.com,Wife,737
738,Charlotta,Bachs,Female,3403148081,20510 Mockingbird Place,cbachskh@businesswire.com,Father-in-law,738
739,Wood,Shaplin,Male,2389217828,5869 Sachtjen Way,wshaplinki@weibo.com,Daughter,739
740,Dacey,Snoxell,Female,8581839492,37444 Artisan Crossing,dsnoxellkj@ehow.com,Niece,740
741,Meredeth,Nott,Male,5288720507,76449 Fremont Crossing,mnottkk@diigo.com,Sister,741
742,Deloria,Crossingham,Female,5468218787,047 Carpenter Trail,dcrossinghamkl@kickstarter.com,Mother,742
743,Barby,Simoncelli,Female,9273670958,10976 Fisk Parkway,bsimoncellikm@seesaa.net,Aunt,743
744,Loreen,Rosenzwig,Female,1009544933,620 Ramsey Terrace,lrosenzwigkn@about.me,Father-in-law,744
745,Fraser,Hughlin,Male,9898617840,04 Tony Drive,fhughlinko@facebook.com,Aunt,745
746,Korry,Troake,Female,5412217061,6 Hoard Alley,ktroakekp@apache.org,Uncle,746
747,Shaun,Ley,Female,5754510430,8 Cordelia Road,sleykq@ucsd.edu,Daughter,747
748,Neal,Fodden,Male,3705698228,86 Service Avenue,nfoddenkr@issuu.com,Brother-in-law,748
749,Sonja,Gebbe,Female,2184743118,2992 Thackeray Hill,sgebbeks@mapy.cz,Mother-in-law,749
750,Obie,Menaul,Male,8592691011,3 Surrey Junction,omenaulkt@shareasale.com,Mother-in-law,750
751,Nessy,Traviss,Female,6582068940,77541 Mcguire Way,ntravissku@opera.com,Daughter,751
752,Neely,Dovermann,Female,2176145462,9621 Columbus Place,ndovermannkv@eventbrite.com,Cousin,752
753,Esmeralda,Campkin,Other,7184780257,8975 Waubesa Lane,ecampkinkw@hhs.gov,Father-in-law,753
754,Luciano,Batrip,Male,5747720178,1 Reindahl Junction,lbatripkx@vistaprint.com,Husband,754
755,Panchito,Leaming,Male,9134589298,20991 Sauthoff Alley,pleamingky@aol.com,Grandfather,755
756,Vally,Rhule,Female,7963867602,545 Rowland Plaza,vrhulekz@adobe.com,Sister-in-law,756
757,Manuel,Kield,Male,8704926024,4 Kipling Way,mkieldl0@smh.com.au,Wife,757
758,Curcio,Mably,Male,3533217300,5954 Schiller Street,cmablyl1@dion.ne.jp,Brother,758
759,Lydie,Tales,Female,8741098414,11 Reinke Hill,ltalesl2@gizmodo.com,Girlfriend,759
760,Abbi,Giovannoni,Other,1695450066,6 Northfield Circle,agiovannonil3@4shared.com,Cousin,760
761,Mathilde,Tilio,Other,9193634059,89 John Wall Center,mtiliol4@domainmarket.com,Brother,761
762,Filbert,Casaccio,Male,5702132284,8 Waxwing Way,fcasacciol5@delicious.com,Girlfriend,762
763,Brian,Behne,Male,1585103050,5 Chinook Point,bbehnel6@ftc.gov,Aunt,763
764,Daryl,Cruttenden,Other,5579368277,336 Elka Junction,dcruttendenl7@discovery.com,Aunt,764
765,Samuel,Robuchon,Male,4087320430,7766 Caliangt Parkway,srobuchonl8@amazon.com,Uncle,765
766,Levi,Terlinden,Male,7137567516,2527 Bonner Pass,lterlindenl9@newyorker.com,Uncle,766
767,Huntington,Wheeler,Male,5462589734,9005 Moulton Trail,hwheelerla@storify.com,Father,767
768,Bettine,Rawcliffe,Female,5165089854,5 Sundown Circle,brawcliffelb@prlog.org,Sister-in-law,768
769,Arley,Colliber,Male,8136260335,781 Lyons Drive,acolliberlc@accuweather.com,Girlfriend,769
770,Brina,McBay,Other,1886284081,5 Loomis Court,bmcbayld@google.com.au,Grandfather,770
771,Leupold,Enefer,Male,5122040986,2 Westend Court,leneferle@reverbnation.com,Grandfather,771
772,Mordy,Ughi,Male,6252352400,76 Oak Drive,mughilf@google.de,Mother-in-law,772
773,Georgeta,O'Kennedy,Other,7961146893,5 Dexter Hill,gokennedylg@w3.org,Husband,773
774,Taber,Sedge,Male,5111912455,04 Burning Wood Lane,tsedgelh@quantcast.com,Cousin,774
775,Mario,Willimot,Male,6046380043,9 Hintze Alley,mwillimotli@devhub.com,Mother,775
776,Davon,Kenner,Male,1947740037,41 Mcbride Avenue,dkennerlj@devhub.com,Girlfriend,776
777,Bil,Birk,Male,9095383231,15 Pond Trail,bbirklk@squarespace.com,Husband,777
778,Tomkin,Pask,Male,8964413883,83718 Oak Valley Alley,tpaskll@w3.org,Grandfather,778
779,Jayme,Eyre,Female,7112092038,47 Harbort Parkway,jeyrelm@tripadvisor.com,Brother,779
780,Farleigh,Mowday,Male,8588464862,11 Bobwhite Street,fmowdayln@ted.com,Daughter,780
781,Annadiane,Berks,Female,9337955670,4834 High Crossing Drive,aberkslo@bloglines.com,Mother,781
782,Karim,Sambrok,Male,2789243777,56 Transport Lane,ksambroklp@soundcloud.com,Husband,782
783,Augustin,Last,Male,8308449459,68 Merry Terrace,alastlq@unblog.fr,Brother-in-law,783
784,Tome,Matevushev,Male,5221314194,515 Scoville Circle,tmatevushevlr@jalbum.net,Mother,784
785,Cyndi,Baswall,Female,4165196660,54019 Cody Street,cbaswallls@imdb.com,Aunt,785
786,Carey,deKnevet,Female,7188688362,9 Ohio Drive,cdeknevetlt@desdev.cn,Girlfriend,786
787,Cordi,Peotz,Female,3323625183,2 Lillian Road,cpeotzlu@theguardian.com,Grandfather,787
788,Roxy,Kuschke,Female,1996405753,29 Manufacturers Junction,rkuschkelv@mashable.com,Sister-in-law,788
789,Arin,Cancellor,Male,7124313744,04 Little Fleur Park,acancellorlw@prlog.org,Grandfather,789
790,Elene,Halliberton,Female,6123636607,63 North Road,ehallibertonlx@webnode.com,Wife,790
791,Linnea,De Cruze,Female,7465666172,4 Chinook Plaza,ldecruzely@guardian.co.uk,Stepfather,791
792,Cayla,Asprey,Female,5872180236,54 Forster Trail,caspreylz@newsvine.com,Uncle,792
793,Saudra,Harverson,Female,8647993274,21 Meadow Valley Trail,sharversonm0@parallels.com,Sister,793
794,Sterling,Pettendrich,Male,1755770398,797 Texas Road,spettendrichm1@bbb.org,Stepfather,794
795,Demetris,Rumgay,Female,1781130424,7 Northview Alley,drumgaym2@github.com,Mother,795
796,Price,Daymont,Male,3177941578,835 Dapin Drive,pdaymontm3@msu.edu,Girlfriend,796
797,Carolin,Davy,Female,8893150487,06830 Boyd Park,cdavym4@e-recht24.de,Grandfather,797
798,Dale,Thacker,Female,4188672221,9 Division Plaza,dthackerm5@tinyurl.com,Son,798
799,Gabie,Speedin,Female,4085817260,12 Eliot Road,gspeedinm6@cocolog-nifty.com,Wife,799
800,Renaud,Shave,Male,4627059143,81 Homewood Drive,rshavem7@posterous.com,Cousin,800
801,Ganny,Scarffe,Male,7104910672,212 Forest Run Junction,gscarffem8@uiuc.edu,Wife,801
802,Kevan,Antonio,Male,7941594197,04362 Melvin Way,kantoniom9@indiegogo.com,Niece,802
803,Raphaela,Leverage,Female,4515370964,5827 Hansons Pass,rleveragema@webs.com,Grandfather,803
804,Emmy,Blackall,Male,9432858044,0 Fallview Way,eblackallmb@globo.com,Niece,804
805,Fina,Ganny,Female,9079279088,95 Banding Way,fgannymc@arstechnica.com,Girlfriend,805
806,Early,Jays,Male,9149706076,7 Menomonie Pass,ejaysmd@clickbank.net,Boyfriend,806
807,Dana,Forsbey,Female,3777288864,564 Straubel Point,dforsbeyme@yolasite.com,Brother-in-law,807
808,Yule,Sharpling,Male,7613221274,39 Eastwood Circle,ysharplingmf@cornell.edu,Father,808
809,Binky,Wrennall,Male,6255218885,61494 Porter Center,bwrennallmg@tuttocitta.it,Father,809
810,Tonya,Teanby,Female,1094808164,95233 Holy Cross Street,tteanbymh@histats.com,Stepfather,810
811,Alberik,Beswell,Male,7298375080,409 Goodland Crossing,abeswellmi@bloglovin.com,Nephew,811
812,Teena,Vize,Female,6291917320,8 Northview Road,tvizemj@engadget.com,Wife,812
813,Ethelda,Dradey,Female,3231588794,142 Dwight Road,edradeymk@eepurl.com,Wife,813
814,Kelsi,Acosta,Other,2945209181,87022 Muir Lane,kacostaml@freewebs.com,Uncle,814
815,Leoline,McKenna,Female,4094311359,9537 Eggendart Parkway,lmckennamm@google.ca,Daughter,815
816,Cherye,Caseley,Female,7655971635,85 Pennsylvania Lane,ccaseleymn@ehow.com,Mother-in-law,816
817,Roth,Terne,Male,1698777836,85832 Starling Parkway,rternemo@plala.or.jp,Sister-in-law,817
818,Cullan,Kiddie,Male,4628609421,87 Washington Parkway,ckiddiemp@ebay.co.uk,Grandfather,818
819,Berthe,Leveritt,Female,2159470272,84 Goodland Point,bleverittmq@hexun.com,Girlfriend,819
820,Martin,Pole,Male,5436301172,37 Rowland Trail,mpolemr@xinhuanet.com,Grandfather,820
821,Vanya,Abley,Male,6985948081,2608 Shopko Circle,vableyms@unesco.org,Brother,821
822,Bernadette,Meake,Female,6728068296,66 Porter Crossing,bmeakemt@vk.com,Sister,822
823,Sallyann,Devil,Female,8603740163,79 Thierer Alley,sdevilmu@technorati.com,Stepfather,823
824,Christoph,Ponten,Male,6822288385,94069 Utah Alley,cpontenmv@clickbank.net,Grandmother,824
825,Corinna,Glander,Female,3377631219,65 Elka Court,cglandermw@goo.ne.jp,Sister-in-law,825
826,Dorise,Edelheid,Female,2433817439,639 Merchant Place,dedelheidmx@yellowpages.com,Grandfather,826
827,Sandra,Noquet,Other,8187223429,6 Nova Trail,snoquetmy@moonfruit.com,Brother-in-law,827
828,Florida,Littefair,Female,2985965714,836 Monterey Avenue,flittefairmz@go.com,Daughter,828
829,Mirabella,Paraman,Female,1416466316,69 Corben Circle,mparamann0@infoseek.co.jp,Cousin,829
830,Trevar,Look,Male,1666083352,2 Morning Pass,tlookn1@hexun.com,Mother,830
831,Boyd,Amey,Male,9407187664,9 Melvin Alley,bameyn2@mysql.com,Nephew,831
832,Felicity,Lillistone,Female,8193407261,00890 Burning Wood Court,flillistonen3@google.fr,Uncle,832
833,Elenore,Paute,Female,2316717966,38 Lukken Drive,epauten4@chronoengine.com,Uncle,833
834,Lanny,Woodfin,Male,9498803990,86 Coolidge Crossing,lwoodfinn5@kickstarter.com,Brother,834
835,Rudyard,Kmietsch,Male,3211486368,4277 Comanche Drive,rkmietschn6@shutterfly.com,Uncle,835
836,Reynold,Praten,Male,9074324098,090 Holy Cross Hill,rpratenn7@mediafire.com,Niece,836
837,Annalise,Harley,Female,7019377265,7 Springs Point,aharleyn8@shutterfly.com,Stepfather,837
838,Hephzibah,Wych,Female,4691125051,7117 Iowa Avenue,hwychn9@nasa.gov,Grandmother,838
839,Godwin,Fidge,Male,9111815465,26 Schiller Alley,gfidgena@xrea.com,Wife,839
840,Bertrand,Pelman,Male,6481557538,8500 Brentwood Alley,bpelmannb@vinaora.com,Sister,840
841,Mandel,Regitz,Male,7206408322,587 Dorton Drive,mregitznc@nasa.gov,Niece,841
842,Andros,Palser,Male,9959489969,03 Clove Alley,apalsernd@illinois.edu,Stepfather,842
843,Teresa,Heady,Female,2287810471,4 Kennedy Drive,theadyne@e-recht24.de,Mother-in-law,843
844,Leta,Blazey,Female,3979394494,1201 Lunder Road,lblazeynf@ebay.com,Mother-in-law,844
845,Sheffy,Breslane,Male,5159441733,8 Mcbride Way,sbreslaneng@jalbum.net,Son,845
846,Shanda,Mitchener,Other,6393856558,685 Waywood Alley,smitchenernh@businessweek.com,Girlfriend,846
847,Sheila-kathryn,McGeffen,Female,4093420046,399 Continental Court,smcgeffenni@list-manage.com,Niece,847
848,Corly,Sneezem,Female,8326798891,533 Rusk Park,csneezemnj@biglobe.ne.jp,Niece,848
849,Clim,Indge,Male,1009778454,5708 Fuller Lane,cindgenk@examiner.com,Son,849
850,Luci,Greatham,Female,1949156122,9 Mariners Cove Hill,lgreathamnl@nasa.gov,Sister-in-law,850
851,Robers,Dewhirst,Male,2304569657,84 Melody Street,rdewhirstnm@nydailynews.com,Father,851
852,Liliane,Dawnay,Female,1365523530,9374 Dottie Parkway,ldawnaynn@sphinn.com,Nephew,852
853,Devonna,Japp,Female,2264957235,3 Union Road,djappno@senate.gov,Wife,853
854,Frasier,Featherstonhaugh,Male,9289018125,210 Pennsylvania Crossing,ffeatherstonhaughnp@nih.gov,Grandfather,854
855,Charlean,Fardy,Female,1121706663,288 West Court,cfardynq@archive.org,Brother-in-law,855
856,Gwyneth,Yurocjhin,Female,8917015392,3 Randy Road,gyurocjhinnr@mit.edu,Father-in-law,856
857,Sadie,Ride,Female,7391590106,4356 Cambridge Terrace,sridens@nydailynews.com,Father,857
858,Conney,Lockery,Male,5114691747,2013 Monument Circle,clockerynt@marketwatch.com,Daughter,858
859,Lauretta,Diamond,Female,6999582894,30 Lawn Crossing,ldiamondnu@nih.gov,Brother,859
860,Dal,Dahler,Male,6364211542,3 Eggendart Crossing,ddahlernv@un.org,Son,860
861,Kennie,Samsin,Male,5229513195,140 Jenifer Junction,ksamsinnw@imageshack.us,Grandfather,861
862,Jay,Haugg,Male,2915088113,76156 Waubesa Alley,jhauggnx@skyrock.com,Mother,862
863,Merissa,McAnulty,Female,5145031797,00330 Stang Trail,mmcanultyny@bravesites.com,Boyfriend,863
864,Liliane,Ledur,Other,1875805001,85 Pierstorff Crossing,lledurnz@about.me,Aunt,864
865,Nico,Tordiffe,Male,4244695266,353 Dottie Junction,ntordiffeo0@telegraph.co.uk,Mother,865
866,Else,Dunbabin,Female,5622783898,9499 Kedzie Plaza,edunbabino1@independent.co.uk,Husband,866
867,Marya,Beecker,Female,6781230648,61321 Sutherland Hill,mbeeckero2@webnode.com,Sister,867
868,Yancy,Janodet,Male,6754577031,0 Northwestern Crossing,yjanodeto3@dailymotion.com,Niece,868
869,Henderson,Yashanov,Male,2545528096,1180 Bluestem Parkway,hyashanovo4@psu.edu,Boyfriend,869
870,Robinett,Grundell,Female,9939645443,3927 Kenwood Lane,rgrundello5@liveinternet.ru,Mother,870
871,Vin,Stores,Male,4311188180,409 Roth Hill,vstoreso6@samsung.com,Sister,871
872,Robb,Holwell,Male,2169834757,3 Continental Plaza,rholwello7@upenn.edu,Father,872
873,Marshal,Enticknap,Male,2451407288,926 6th Plaza,menticknapo8@posterous.com,Stepmother,873
874,Yvor,Dumphry,Male,2109457245,60391 Logan Street,ydumphryo9@tripadvisor.com,Boyfriend,874
875,Sylvia,Tarte,Female,6717530518,521 Hansons Avenue,starteoa@vinaora.com,Wife,875
876,Tucky,Oldall,Male,6287626069,87601 Wayridge Place,toldallob@flickr.com,Boyfriend,876
877,Magnum,Elmar,Other,9095983535,294 Del Sol Trail,melmaroc@si.edu,Stepmother,877
878,Bernie,Alans,Female,5513400089,8192 Kenwood Point,balansod@livejournal.com,Aunt,878
879,Clerkclaude,Andrick,Male,2225995813,025 Forster Court,candrickoe@shareasale.com,Sister-in-law,879
880,Fax,Arrighetti,Male,7061724354,635 Dakota Junction,farrighettiof@cornell.edu,Daughter,880
881,Robin,Ivanov,Female,6368777121,895 Stuart Park,rivanovog@cyberchimps.com,Sister,881
882,Ulberto,Wellman,Male,6048114540,2 Merrick Circle,uwellmanoh@newyorker.com,Husband,882
883,Benito,Howden,Male,4625346626,024 Main Court,bhowdenoi@google.nl,Wife,883
884,Caz,Garlette,Male,4115567841,3464 Ramsey Circle,cgarletteoj@google.co.uk,Grandfather,884
885,Raynell,Maylam,Female,5436723177,89853 Cardinal Street,rmaylamok@google.pl,Mother,885
886,Lotta,Lanfranchi,Female,9171796712,26669 Butterfield Plaza,llanfranchiol@alexa.com,Son,886
887,Cesare,Fragino,Male,6048652543,43 Meadow Vale Crossing,cfraginoom@nymag.com,Girlfriend,887
888,Jermain,Deners,Male,1668374098,24919 Ronald Regan Avenue,jdenerson@desdev.cn,Aunt,888
889,Kore,Jervis,Female,4902452293,1 Kings Court,kjervisoo@alexa.com,Uncle,889
890,Smitty,Greggersen,Male,6278751026,64 Vernon Plaza,sgreggersenop@istockphoto.com,Father,890
891,Rich,Fleisch,Male,5498076964,72564 Novick Alley,rfleischoq@statcounter.com,Niece,891
892,Derrick,De Bellis,Male,7393080944,75907 Lien Crossing,ddebellisor@flickr.com,Stepfather,892
893,Damara,Ruslinge,Female,5185591414,26 Arapahoe Park,druslingeos@nytimes.com,Mother-in-law,893
894,Haywood,Barham,Male,3183487732,12342 Gina Center,hbarhamot@deliciousdays.com,Nephew,894
895,Philis,Readwin,Female,4217872256,0 Village Alley,preadwinou@reference.com,Husband,895
896,Karlan,Ellson,Other,5614741205,8500 Susan Plaza,kellsonov@army.mil,Brother-in-law,896
897,Stevana,Daglish,Other,9302612208,0558 Londonderry Drive,sdaglishow@constantcontact.com,Son,897
898,Belicia,Cloney,Female,4188843366,496 Lunder Lane,bcloneyox@youtu.be,Boyfriend,898
899,Gabriellia,Pottle,Female,1907786808,5324 Chinook Point,gpottleoy@latimes.com,Uncle,899
900,Davis,Torbard,Male,8399797499,504 Swallow Alley,dtorbardoz@themeforest.net,Aunt,900
901,Hansiain,Crawshay,Male,9399191797,13504 Delaware Point,hcrawshayp0@skyrock.com,Stepfather,901
902,Shurwood,Dowdall,Male,6493373306,4 Commercial Court,sdowdallp1@bloglines.com,Uncle,902
903,Waldon,Cranstoun,Male,9681890484,71122 Maple Court,wcranstounp2@mediafire.com,Cousin,903
904,Gerrie,Rylstone,Male,5217966058,9701 American Ash Park,grylstonep3@buzzfeed.com,Brother-in-law,904
905,Cecilio,Bandiera,Male,2188792325,9212 Dakota Alley,cbandierap4@cam.ac.uk,Father,905
906,Franzen,Hryniewicki,Male,4458048791,27530 North Center,fhryniewickip5@skype.com,Brother,906
907,Isidore,Ioselev,Male,4566191109,46 Green Ridge Alley,iioselevp6@squarespace.com,Husband,907
908,Tucky,Cowing,Male,5937921717,126 Carioca Hill,tcowingp7@va.gov,Brother-in-law,908
909,Obed,Skrine,Male,9151261095,2 Butternut Hill,oskrinep8@homestead.com,Husband,909
910,Averil,Larking,Female,7525658072,33 Montana Hill,alarkingp9@blogs.com,Nephew,910
911,Rosmunda,Element,Female,1958993588,55 Pennsylvania Pass,relementpa@goodreads.com,Stepmother,911
912,Penn,Bolsteridge,Male,7672558710,37 Maple Point,pbolsteridgepb@joomla.org,Cousin,912
913,Sindee,Klement,Female,4478226300,41 Melby Alley,sklementpc@shinystat.com,Cousin,913
914,Sheffield,Beiderbecke,Male,5409682015,4418 Corben Parkway,sbeiderbeckepd@nba.com,Brother-in-law,914
915,Riobard,Bakesef,Male,8128140399,5923 Northwestern Center,rbakesefpe@xrea.com,Girlfriend,915
916,Sarine,Rosenstiel,Female,7802886169,2 Continental Lane,srosenstielpf@printfriendly.com,Brother,916
917,Val,Merrywether,Female,5615424790,9325 Almo Pass,vmerrywetherpg@storify.com,Husband,917
918,Malvina,Vondrasek,Female,1735888600,1224 Boyd Place,mvondrasekph@jalbum.net,Daughter,918
919,Rosalynd,Sherborne,Female,7823964308,3465 Sachs Circle,rsherbornepi@reference.com,Girlfriend,919
920,Kermy,Britcher,Male,3878946661,678 Oxford Crossing,kbritcherpj@buzzfeed.com,Stepmother,920
921,Bunni,Pettyfar,Female,7233073395,4043 Glacier Hill Way,bpettyfarpk@artisteer.com,Niece,921
922,Sibley,Adnett,Female,6497197068,75 Atwood Circle,sadnettpl@home.pl,Brother-in-law,922
923,Queenie,Senchenko,Female,2538404490,4918 Spohn Trail,qsenchenkopm@twitter.com,Cousin,923
924,Auguste,Endrighi,Female,9118280320,0 David Road,aendrighipn@stumbleupon.com,Cousin,924
925,Sloane,Riddock,Male,3639539370,43102 Nelson Park,sriddockpo@sakura.ne.jp,Nephew,925
926,Stace,Le Marchand,Female,8668831121,457 Katie Trail,slemarchandpp@google.com.au,Mother-in-law,926
927,Hamid,Park,Male,5874550804,8 3rd Hill,hparkpq@opera.com,Grandmother,927
928,Jo ann,de Guise,Female,7845439843,9 Kennedy Terrace,jdeguisepr@cargocollective.com,Wife,928
929,Korrie,Dangerfield,Female,5391288670,872 Mockingbird Alley,kdangerfieldps@ifeng.com,Mother-in-law,929
930,Janel,Proctor,Female,7584628191,5 Onsgard Drive,jproctorpt@japanpost.jp,Sister,930
931,Janeczka,Clews,Female,7843822043,962 Nova Street,jclewspu@com.com,Son,931
932,Ingemar,Barrett,Male,9942454762,7037 Arapahoe Junction,ibarrettpv@cmu.edu,Mother-in-law,932
933,Kermy,Grishechkin,Male,7423195345,7872 Arrowood Terrace,kgrishechkinpw@rambler.ru,Brother,933
934,Lauraine,Matasov,Female,3499581733,91117 Schurz Lane,lmatasovpx@wikia.com,Mother,934
935,Caddric,Cudbird,Male,1263165580,41881 Troy Street,ccudbirdpy@parallels.com,Sister,935
936,Morna,Chantrell,Female,8165815565,37316 Almo Park,mchantrellpz@google.com.br,Daughter,936
937,Ole,Blaschke,Male,1752048028,9 Meadow Ridge Circle,oblaschkeq0@hud.gov,Grandmother,937
938,Raddy,Pawnsford,Male,6924097506,65 Pawling Center,rpawnsfordq1@businessinsider.com,Grandfather,938
939,Jenilee,Fabry,Female,4951012176,678 Montana Point,jfabryq2@mediafire.com,Daughter,939
940,Bertrand,Sennett,Male,4177231819,435 Reindahl Place,bsennettq3@vk.com,Aunt,940
941,Beverie,Fanton,Female,3606812270,952 David Plaza,bfantonq4@independent.co.uk,Boyfriend,941
942,Husain,Ivanyutin,Male,9153343281,883 Moose Junction,hivanyutinq5@webeden.co.uk,Husband,942
943,Joelly,Jailler,Female,3233871938,3 Clyde Gallagher Pass,jjaillerq6@ehow.com,Girlfriend,943
944,Cedric,Mardling,Male,5111384065,866 Glacier Hill Avenue,cmardlingq7@tiny.cc,Grandfather,944
945,Inigo,Schimke,Other,8457246333,61532 Evergreen Park,ischimkeq8@shop-pro.jp,Father,945
946,Felicia,Swoffer,Female,8465009893,1508 Elka Circle,fswofferq9@usa.gov,Stepfather,946
947,Eleanora,Frankel,Female,9874478346,690 Leroy Center,efrankelqa@nps.gov,Niece,947
948,Wash,MacLaverty,Male,4179999311,410 Graedel Center,wmaclavertyqb@canalblog.com,Brother-in-law,948
949,Clo,McComiskey,Female,5386887655,775 Tomscot Crossing,cmccomiskeyqc@kickstarter.com,Brother-in-law,949
950,Carroll,Towns,Female,3775206489,4700 Sachs Center,ctownsqd@illinois.edu,Brother-in-law,950
951,Galvan,Enochsson,Male,9568874281,402 Holmberg Drive,genochssonqe@google.com.au,Grandmother,951
952,Perren,Pigott,Male,4507459005,4914 Transport Pass,ppigottqf@zdnet.com,Cousin,952
953,Elsy,Lantaph,Female,8012967558,3 Graceland Drive,elantaphqg@yahoo.co.jp,Father-in-law,953
954,Murvyn,Knoble,Male,8036114577,4896 Garrison Parkway,mknobleqh@amazon.com,Boyfriend,954
955,Arlene,McCraw,Female,9064596686,8 Marquette Drive,amccrawqi@shareasale.com,Sister,955
956,Thorstein,Thurgood,Male,1451022231,037 Hallows Alley,tthurgoodqj@dropbox.com,Father-in-law,956
957,Linn,Larkkem,Female,2277719035,8567 Elmside Way,llarkkemqk@shinystat.com,Boyfriend,957
958,Bambi,Wytchard,Female,6834664294,68 Montana Road,bwytchardql@xinhuanet.com,Mother-in-law,958
959,Sib,Barg,Female,7162016361,548 6th Road,sbargqm@eventbrite.com,Brother,959
960,Bucky,Phibb,Male,6905203702,35583 Ohio Terrace,bphibbqn@netlog.com,Son,960
961,Norry,Fluger,Female,1219759913,2154 Havey Court,nflugerqo@github.com,Uncle,961
962,Brooke,Elverstone,Female,8069877390,94 Eastlawn Center,belverstoneqp@cdbaby.com,Nephew,962
963,Breanne,Filpi,Female,2828112609,5 Elgar Point,bfilpiqq@godaddy.com,Girlfriend,963
964,Phil,Beaudry,Male,5546287919,893 Lakewood Alley,pbeaudryqr@adobe.com,Nephew,964
965,Arley,Llop,Male,5078573824,296 Magdeline Place,allopqs@prweb.com,Sister-in-law,965
966,Gregg,Davenell,Male,7613252546,8328 Holmberg Court,gdavenellqt@twitter.com,Girlfriend,966
967,Kimball,Chattington,Male,5648287513,95 Canary Hill,kchattingtonqu@gizmodo.com,Son,967
968,Ilise,Horley,Female,6582710051,2636 Laurel Circle,ihorleyqv@blogs.com,Husband,968
969,Sanderson,Rizzello,Male,2373514965,5415 Northridge Lane,srizzelloqw@yahoo.com,Girlfriend,969
970,Anjela,Bayly,Female,6084949073,95748 Jana Trail,abaylyqx@newyorker.com,Sister-in-law,970
971,Marlee,Dyers,Female,1449300707,6 Lunder Point,mdyersqy@macromedia.com,Aunt,971
972,Neila,Kedie,Female,5512150891,1 Hoard Center,nkedieqz@trellian.com,Husband,972
973,Hadleigh,Keal,Male,3017321716,8 Hoard Pass,hkealr0@canalblog.com,Grandfather,973
974,Shena,Lewry,Female,1124178880,82771 Vera Crossing,slewryr1@wufoo.com,Daughter,974
975,Padriac,Greswell,Other,3429269756,5 Morning Trail,pgreswellr2@weather.com,Daughter,975
976,Octavia,Firbank,Female,5344879528,045 Elmside Lane,ofirbankr3@cnn.com,Cousin,976
977,Cirstoforo,Dietzler,Male,4269297803,07163 Bluestem Street,cdietzlerr4@narod.ru,Grandfather,977
978,Hattie,Duffit,Female,6001416766,037 Mariners Cove Circle,hduffitr5@house.gov,Father-in-law,978
979,Jerrie,Drillingcourt,Female,9352124815,23 Parkside Point,jdrillingcourtr6@walmart.com,Sister,979
980,Rosemaria,Mateescu,Female,2798082261,64 Lakewood Gardens Center,rmateescur7@ebay.co.uk,Grandfather,980
981,Quincy,Roach,Male,5825426610,537 Chive Crossing,qroachr8@walmart.com,Stepmother,981
982,Daniele,Dufore,Female,3065402747,373 West Way,dduforer9@mapy.cz,Brother,982
983,Genvieve,Laval,Female,6203595178,9600 Reindahl Way,glavalra@mashable.com,Grandfather,983
984,Masha,Eilhertsen,Female,3112716483,4 East Road,meilhertsenrb@stanford.edu,Girlfriend,984
985,Antons,Ellard,Male,1679785863,0 Weeping Birch Street,aellardrc@ovh.net,Mother,985
986,Ann-marie,Svanini,Female,3948159654,040 Lukken Terrace,asvaninird@free.fr,Father-in-law,986
987,Aurthur,Royds,Male,3868110520,50443 Forest Run Drive,aroydsre@harvard.edu,Father-in-law,987
988,Deb,Blazejewski,Female,2464102781,0666 Shoshone Junction,dblazejewskirf@google.cn,Stepfather,988
989,Jayne,Mewett,Female,6373127113,064 David Crossing,jmewettrg@icq.com,Aunt,989
990,Clarie,Fleischer,Female,6858347176,6 Iowa Point,cfleischerrh@amazon.com,Daughter,990
991,Marlo,MacGee,Female,9531675849,619 Lien Hill,mmacgeeri@yellowpages.com,Grandfather,991
992,Kareem,Peacham,Other,5745546655,743 Clemons Crossing,kpeachamrj@ebay.com,Mother,992
993,Tildy,McGlue,Female,6297662024,6 La Follette Plaza,tmcgluerk@yandex.ru,Aunt,993
994,Gabbie,Jellard,Male,5424522720,295 Melrose Pass,gjellardrl@skype.com,Grandfather,994
995,Marcille,Woolacott,Female,6769578332,18551 Hudson Drive,mwoolacottrm@bbc.co.uk,Brother-in-law,995
996,Stephine,Crim,Other,4838863519,61 Swallow Parkway,scrimrn@webs.com,Mother-in-law,996
997,Maible,Pringell,Female,9042326438,422 Duke Crossing,mpringellro@liveinternet.ru,Wife,997
998,Jacklyn,Galiford,Female,2865515781,22 Sundown Trail,jgalifordrp@redcross.org,Mother-in-law,998
999,Amanda,Bugbee,Female,1659351003,5451 Montana Place,abugbeerq@imageshack.us,Brother,999
1000,Leyla,Paulley,Female,1659083586,2 Ludington Lane,lpaulleyrr@blogger.com,Nephew,1000
