_id,name,age,gender,contact_details,allergies,treatment_history
136,Amble Lafond,05/04/2010,Male,0 Moulton Crossing,soy,
131,Mariquilla Hounihan,11/01/1974,Male,532 Troy Way,peanuts,
244,Bram Gwilym,21/04/1971,Male,235 Sunnyside Alley,none,1
248,Neall Bosward,01/04/2020,Male,5997 Scoville Place,soy,1
163,Ambrosio Laguerre,26/01/1956,Male,13476 Lawn Hill,soy,2
117,Katusha Jeremaes,26/08/1997,Male,06 Parkside Trail,wheat,1
113,Lee Guilloud,02/10/1902,Other,32087 Banding Terrace,shellfish,
109,Chane Toke,10/11/1985,Other,9158 Springview Avenue,none,3
58,Axe Peake,11/12/2011,Female,8178 Crowley Hill,soy,2
216,Garth Tayt,13/05/2009,Female,2 Magdeline Drive,gluten,
190,Sammy Sesser,30/07/1956,Other,41613 Corscot Court,gluten,1
166,Brooks Korba,15/02/1916,Female,0 Forest Run Park,none,
26,Trenton Futty,21/10/2006,Male,21 Algoma Plaza,tree nuts,2
254,Madelena Mityakov,08/02/1981,Male,0 Alpine Hill,eggs,4
98,Abe Fulstow,28/02/1983,Male,4340 5th Way,tree nuts,1
220,Arv Chadderton,11/03/1956,Female,92413 Warrior Avenue,dairy,1
196,Gerianne Bree,12/11/1957,Other,83 Holmberg Way,fish,1
237,Annabal Mulrooney,20/04/2011,Other,0249 Morning Court,eggs,
231,Gretta Exelby,21/05/1961,Female,83 Red Cloud Way,wheat,2
185,Meredeth Lynds,09/06/1943,Female,71604 Buhler Court,eggs,
54,Constancy McCaughan,27/09/2016,Female,38 Straubel Way,sesame,1
178,Guss Adhams,30/03/2013,Other,6947 Fuller Place,tree nuts,1
139,Morris Meredith,14/07/1908,Female,4481 Colorado Court,shellfish,1
57,Julietta Gerding,21/05/1928,Female,183 Mifflin Trail,eggs,
166,Malinde Voyce,11/11/2006,Male,05 International Park,dairy,
113,Valeria Agglione,09/02/1933,Female,19 Coleman Terrace,fish,
4,Lusa Beverage,21/12/1955,Female,845 Brentwood Plaza,none,1
76,Natassia Blazek,01/11/1934,Female,023 Chinook Way,none,
277,Orran Baumer,21/07/1933,Male,129 Weeping Birch Terrace,none,3
245,Keeley Ketley,29/12/1927,Other,43704 Merry Plaza,soy,
83,Olva Brownhill,15/11/1924,Male,18 Schiller Pass,tree nuts,
99,Elisa Wiz,24/08/2006,Female,013 Haas Court,eggs,2
108,Rhodia Tattershall,20/11/1927,Female,42 Marquette Circle,tree nuts,
101,Maegan Mathelin,30/08/2021,Other,0341 Buell Plaza,tree nuts,1
289,Rand Norssister,15/07/1959,Male,0760 Paget Place,none,
199,Roger Bonifant,05/06/1957,Male,6 Westridge Court,none,
150,Ailis Kinnach,18/02/2015,Male,60 Kropf Park,none,2
60,Vinnie Speake,18/03/1965,Other,5640 Golf View Plaza,tree nuts,
84,Lita Tamas,15/01/1931,Other,89956 Dunning Plaza,wheat,1
224,Fallon Pring,26/02/1972,Male,026 Sommers Lane,tree nuts,2
67,Wolfgang Bellwood,29/05/2018,Other,125 Crowley Drive,tree nuts,2
20,Dorita Swendell,26/01/1934,Female,6778 Pawling Road,sesame,
265,Layton Lind,13/02/1934,Female,3088 Crescent Oaks Court,wheat,1
80,Jeffrey Kille,01/08/1987,Male,124 Ridgeway Hill,fish,1
275,Kennith Kimmons,06/07/1942,Other,9 Ruskin Pass,shellfish,
85,Xever Anthoney,24/07/1939,Female,8480 Sunfield Terrace,none,
23,Chryste Wedgwood,26/01/2000,Female,4632 Roth Crossing,none,1
11,Thibaud Lutman,25/06/1914,Female,8 Brickson Park Road,dairy,
41,Aubert Pantecost,30/08/1929,Female,295 International Parkway,shellfish,1
77,Veronika Jeves,16/06/1939,Male,1995 Kings Alley,gluten,2
131,Rosco Switzer,24/04/1999,Female,743 Packers Crossing,sesame,
26,Nels Maulin,14/10/2023,Male,88706 Green Ridge Point,fish,2
293,Beulah Lippiatt,20/03/1906,Male,59 North Lane,gluten,3
299,Berri Noyes,07/04/1946,Male,7 Leroy Avenue,none,
30,Ulysses Bilham,01/08/2000,Female,45 Burning Wood Trail,dairy,
278,Manuel Cruttenden,18/07/2017,Other,73 Northridge Park,none,2
18,Gerry Valance,21/09/1998,Other,33206 Bowman Way,sesame,
63,Fiona Dumbleton,10/05/2014,Male,732 Kennedy Trail,gluten,
283,Donelle Richfield,27/07/1968,Male,5 Morningstar Court,none,
241,Suzanna Brophy,01/08/1938,Female,581 Del Sol Hill,none,2
24,Philippa Snedden,05/04/2009,Other,169 School Court,wheat,
229,Halley Andrusyak,29/05/1921,Other,87466 Hanover Drive,eggs,
140,Maurise Doughartie,21/03/1986,Other,481 Petterle Parkway,tree nuts,1
281,Rochelle Clemmett,03/06/1957,Female,18480 Sullivan Crossing,tree nuts,
196,Carmen Chasen,17/07/1963,Other,11746 Killdeer Parkway,peanuts,1
243,Eleni Stickells,10/10/1981,Female,614 Eastlawn Place,none,2
223,Angus Bertolin,13/12/1932,Male,8488 Mitchell Hill,shellfish,
257,Karel Jakubczyk,01/07/1966,Other,53341 Melby Road,eggs,1
271,Maiga Bensley,29/09/1940,Female,4733 Basil Point,none,1
37,Currey Caraher,08/09/1997,Male,066 Warrior Street,none,2
177,Francesca Infantino,22/11/1947,Other,54529 Namekagon Place,tree nuts,1
107,Eadie Signori,27/12/2012,Female,47679 Arapahoe Junction,soy,2
269,Efren Richly,17/03/2023,Female,23 Milwaukee Lane,tree nuts,
177,Morey Urlin,13/12/1953,Male,74540 Eagle Crest Point,none,1
39,Leonore Dewing,23/04/1905,Female,7 Kensington Circle,gluten,3
275,Carena Sparkwill,31/05/2021,Female,7641 Sage Way,none,
133,Had Warcop,20/07/1920,Female,97 Hermina Circle,gluten,
95,Cob Jackson,08/12/1909,Male,7559 Cascade Parkway,gluten,2
49,Dusty Byrth,20/05/1918,Other,0 Brown Avenue,none,2
101,Julia Blouet,27/04/1961,Male,2555 Schlimgen Terrace,gluten,1
105,Miles Farncombe,01/05/1989,Male,52053 Hayes Center,peanuts,
251,Linus Berrey,02/09/2014,Female,54751 School Street,wheat,1
106,Fulvia Malicki,08/03/1912,Male,26 Duke Park,wheat,
108,Kerr Stilly,15/12/1940,Other,0291 Brickson Park Street,none,
171,Harley Barrows,04/04/1977,Other,567 Meadow Vale Place,gluten,1
80,Geoff Shears,06/07/1906,Other,0 Clove Avenue,none,1
175,Easter Eddisford,18/10/2000,Other,823 West Pass,fish,
263,Trey Pogg,06/01/1949,Other,0 Graedel Place,sesame,1
271,Corry Gudyer,12/02/1937,Male,39 Westend Junction,shellfish,1
256,Elle O'Connor,05/05/1984,Male,4 Little Fleur Alley,eggs,
4,Etty Feenan,20/05/1930,Male,60622 Randy Center,none,1
241,Nataniel Roscam,14/12/1923,Other,59 Cambridge Crossing,wheat,2
196,Laryssa Anthes,29/01/2004,Male,2019 Brentwood Terrace,wheat,1
263,Lucy Harsant,07/08/1992,Male,5 Beilfuss Alley,tree nuts,1
255,Michelina Beininck,15/11/1936,Male,04 Donald Avenue,none,1
109,Debora Dodsworth,24/04/1986,Other,7787 Columbus Park,soy,3
281,Eddie Perris,04/03/1923,Male,28752 Russell Pass,eggs,
33,Arabel Shellsheere,15/09/1901,Male,9911 Mallard Drive,sesame,
106,Harli Reeds,23/10/1938,Other,231 School Crossing,none,
79,Britteny Lowrey,12/09/1920,Male,8303 Browning Terrace,none,
48,Paco Glawsop,14/05/2024,Other,5349 Chinook Junction,none,1
259,Jorie Olsson,03/12/1966,Male,8216 Veith Hill,gluten,
248,Harmony Yerrill,19/07/1956,Female,670 Vernon Place,shellfish,1
52,Donella Silversmidt,11/07/2022,Other,2 Pond Park,none,1
217,Kirbee Elms,06/09/1998,Female,27352 Cherokee Plaza,sesame,4
161,Terrie Grzeszczyk,02/12/1938,Other,59750 Bluestem Court,none,
82,Hanan Agent,12/08/1973,Other,380 Loeprich Plaza,dairy,2
20,Robina Barca,13/06/1951,Male,344 Clove Way,fish,
175,Lyndsey Sympson,18/11/1977,Male,47187 Veith Parkway,shellfish,
170,Erminie Razoux,18/07/1977,Other,10 Novick Crossing,none,1
46,Angelico Skellon,19/10/1991,Male,7 Burrows Point,shellfish,1
202,Hugues Janssens,31/05/1988,Female,41 Hayes Trail,gluten,
63,Elliott Rollings,23/12/1939,Other,9906 Hagan Place,dairy,
161,Whitney Cowburn,07/12/1980,Other,184 Grover Pass,none,
232,Stanfield Cranmor,11/04/2017,Other,3 Lakeland Road,none,1
297,Victoir Syder,25/03/1932,Male,3962 Truax Circle,gluten,
179,Babette Raulstone,23/10/1910,Male,796 Valley Edge Point,soy,1
87,Garry Bertwistle,13/07/1956,Male,549 Helena Place,sesame,1
110,Engracia Leveritt,10/11/1943,Male,53912 Hoepker Road,eggs,
274,Adan Sirette,30/03/2000,Other,1 1st Way,fish,3
73,Thaddeus Blackwell,23/12/1983,Male,518 International Junction,peanuts,5
53,Ansel Pothecary,24/05/1951,Other,67423 International Park,wheat,
19,Davin Steers,08/01/1964,Other,979 Browning Alley,none,2
151,Bee Stephens,26/07/1906,Male,88 Pearson Court,none,
112,Sioux Dudny,12/03/1933,Other,9706 Lindbergh Circle,none,4
154,Cacilia De Matteis,01/05/1984,Female,5330 Talmadge Avenue,shellfish,1
165,Annetta Pirrie,01/07/2024,Other,87586 Reinke Hill,fish,1
77,Jeanna Craigmyle,15/03/1959,Other,938 Doe Crossing Parkway,peanuts,2
229,Tanney Worvill,31/01/1948,Female,30 Clemons Circle,sesame,
123,Kristien Beetham,12/02/2013,Male,381 Farmco Parkway,tree nuts,
266,Jess Bonnick,01/01/1917,Male,00515 Killdeer Point,shellfish,1
59,Daveta Goodale,27/06/1922,Female,2 Lawn Road,dairy,1
182,Leodora Hicken,10/08/1977,Other,30110 Columbus Alley,dairy,
231,Fergus Skedgell,14/05/2004,Male,21 Londonderry Park,dairy,2
197,Milly Wadman,20/05/1958,Female,21 Saint Paul Lane,sesame,
244,Decca Rolfi,31/01/1925,Male,68 6th Drive,tree nuts,1
52,Nelson Championnet,18/02/1922,Male,57762 Toban Crossing,none,1
190,Andi Lambersen,08/06/2016,Female,5038 Almo Trail,shellfish,1
9,Meagan Woollin,23/02/1975,Other,847 Del Sol Terrace,none,1
224,Valentine Downage,27/01/1953,Male,29 Manley Parkway,peanuts,2
36,Sal Boud,20/04/1938,Male,47 Schurz Place,eggs,
78,Michele Gepp,23/11/1946,Male,906 Portage Road,wheat,
120,Kaye Lepick,28/01/1991,Male,8916 Merrick Pass,none,1
63,Bridgette Willimont,12/12/1914,Other,590 Crest Line Trail,dairy,
109,Erica Duffy,22/08/1957,Male,3 Mockingbird Way,eggs,3
234,Oralie Estabrook,22/05/1990,Male,51 Bluejay Road,dairy,1
122,Alis Ballaam,26/07/1949,Other,835 Shoshone Crossing,sesame,1
193,Travis Millmore,13/11/1906,Male,695 Spohn Park,eggs,
15,Heidi Lemonby,26/06/1946,Male,2502 Jana Crossing,tree nuts,3
149,Carlie Hewertson,12/12/1953,Female,58320 Sherman Plaza,fish,
96,Claudius Jelfs,16/06/2004,Other,70 Charing Cross Terrace,shellfish,1
135,Jean Mingotti,01/07/2010,Male,2 Debs Road,eggs,3
61,Dorotea Scardefield,23/03/1959,Male,3 Sheridan Point,none,1
245,Gay Storer,21/04/1960,Male,0 Gateway Park,peanuts,
235,Kiersten Thow,19/07/2012,Female,275 South Pass,peanuts,1
247,Archie Salmond,10/03/1970,Other,4 Straubel Circle,peanuts,4
257,Arturo Dorrell,29/12/1922,Female,2806 Wayridge Road,eggs,1
228,Sophey Didsbury,22/11/1903,Female,60413 8th Parkway,soy,1
262,Melania Duffil,06/01/1976,Female,4916 Weeping Birch Lane,wheat,1
119,Royal Prati,24/10/1946,Female,531 Superior Street,none,2
106,Charmaine Layland,30/11/2023,Male,4 Muir Terrace,none,
204,Sari Yegorovnin,26/06/1933,Female,2211 Granby Center,sesame,
83,Karly Dumphy,16/03/1991,Other,8 Miller Circle,eggs,
296,Gussi Elleray,28/11/1970,Male,50 Jenifer Terrace,none,1
294,Vita Drust,10/10/1959,Female,94908 Pond Park,none,1
265,Chiquia Foulds,17/07/1961,Other,79068 Kennedy Park,eggs,1
143,Durant Shieldon,10/07/1955,Other,12 Jenna Road,fish,1
198,Crissy Janes,21/02/1945,Male,074 Oriole Alley,none,1
26,Rowe Macey,03/02/2003,Male,3136 Corben Lane,soy,2
128,Florenza O'Hannay,03/01/1990,Other,700 Dottie Center,gluten,1
217,Bess Watting,30/06/1903,Other,44 Veith Pass,eggs,4
197,Dan Borgne,18/11/2014,Male,1 Namekagon Circle,eggs,
12,Horton Dani,21/04/1972,Male,9 Melrose Park,none,1
288,Adelaida MacVanamy,10/08/1977,Other,0 Surrey Street,fish,1
232,Jorrie Hammond,11/03/1977,Other,33 Shopko Center,wheat,1
224,Jemie Aggott,04/02/1946,Female,74 Merry Center,sesame,2
28,Milty Jakubowsky,30/09/1910,Male,45 Bunker Hill Park,none,
28,Carlen McCaughan,22/07/1915,Other,5 Dryden Center,sesame,
180,Juliana Cleator,14/09/1963,Other,042 Jenifer Hill,shellfish,2
104,Ariel De Metz,02/08/1942,Other,4838 Farragut Parkway,sesame,2
196,Alphard Denson,05/12/2023,Other,02 John Wall Way,dairy,1
96,Therine Groucutt,02/09/1976,Male,50856 Forster Circle,tree nuts,1
138,Willyt Gronaver,23/04/1938,Male,6221 Main Avenue,gluten,1
288,Ethel Alasdair,03/07/1965,Female,78 Westerfield Street,sesame,1
37,Bondon Ivkovic,13/09/1980,Female,5 Graceland Court,peanuts,2
242,Dimitry Yashin,28/08/1960,Other,90296 Bay Avenue,peanuts,1
280,Kacy Peatheyjohns,07/07/1982,Other,75270 Pennsylvania Avenue,tree nuts,
79,Shalom Gecke,08/12/1938,Female,2 Reindahl Park,soy,
9,Wanda Krysztowczyk,12/04/1967,Other,5999 Pearson Hill,none,1
199,Whitman Dudgeon,21/01/2015,Other,717 Porter Alley,gluten,
260,Shep Spilstead,19/09/1912,Male,773 Erie Trail,soy,
13,Evaleen Garriock,05/07/1984,Male,2760 Chive Court,tree nuts,1
212,D'arcy Yakolev,18/07/1938,Female,093 Fallview Plaza,eggs,1
127,Everett Ferrero,08/02/1925,Female,2 Reindahl Circle,soy,
206,Roxine Benettolo,02/01/1998,Male,99 Crescent Oaks Alley,sesame,3
70,Conrade Ferreira,16/04/1916,Other,351 Browning Park,fish,1
266,Dehlia Shailer,02/04/1930,Female,732 Erie Court,none,1
271,Janot Gutsell,12/01/1987,Other,99 Crescent Oaks Place,none,1
296,Jamey Geraldini,05/10/1989,Female,015 Michigan Crossing,none,1
219,Eba Romanski,16/05/1942,Other,4364 Autumn Leaf Point,dairy,1
278,Timoteo Vango,13/07/1997,Female,20658 Golf Hill,none,2
260,Harry Graybeal,01/01/1997,Other,4 Alpine Plaza,none,
141,Garek Northley,11/11/1910,Female,6729 Stephen Road,fish,
150,Kristoforo Christopherson,22/07/2023,Other,39 Dorton Street,eggs,2
294,L;urette O'Luby,15/08/2005,Male,3622 Knutson Trail,gluten,1
73,Wandie Aleswell,06/02/1928,Other,8 Rusk Trail,none,5
292,Chloe Sterte,09/12/2005,Male,8 Hoepker Way,none,
144,Wilburt Posse,22/04/1998,Male,83 Holy Cross Hill,dairy,
214,Cherie Thorouggood,28/08/1925,Other,5072 High Crossing Trail,gluten,
73,Lorant Moran,31/12/1976,Female,83159 Lillian Center,peanuts,5
35,Arty Casseldine,17/01/1976,Male,20171 Roxbury Road,fish,
259,Elke Crewes,26/09/1927,Other,998 Warbler Plaza,none,
143,Esta Kenealy,10/09/1912,Female,20 Anderson Point,fish,1
86,Bettina Koles,20/12/1921,Male,43 Menomonie Hill,none,
210,Harlin Franklyn,27/12/1923,Other,269 Waywood Place,tree nuts,3
172,Van Pizer,16/04/1928,Other,8411 Amoth Point,eggs,2
80,Waylon Currom,30/08/2001,Other,92 Grayhawk Place,soy,1
68,Magdaia Rumsby,05/11/2019,Other,39018 Lotheville Plaza,eggs,1
280,Gelya De Launde,02/12/1939,Female,5 Stuart Plaza,none,
18,Rosmunda Saddington,28/04/1991,Other,061 Bluejay Terrace,fish,
265,Karalynn McVey,30/07/1983,Female,0112 Sheridan Terrace,eggs,1
188,Deeann Challes,10/07/1935,Male,5596 High Crossing Parkway,none,3
199,Mina Casewell,16/01/1932,Other,67038 Arizona Parkway,wheat,
78,Myrtie Cargen,26/04/1924,Female,980 Sheridan Parkway,dairy,
290,Chauncey Curwen,13/05/1971,Male,0 Sommers Way,peanuts,2
286,Sofia Elks,13/10/1918,Other,9724 Maple Wood Road,shellfish,1
47,Sofie Andreone,30/01/1963,Male,3 Vidon Crossing,gluten,
179,Nicholas Mathys,18/03/1954,Male,8 Valley Edge Street,dairy,1
82,Bertine Furber,09/05/2006,Male,7636 Rockefeller Circle,tree nuts,2
133,Carlita Alebrooke,01/03/1904,Other,046 Division Way,fish,
218,Pembroke Casajuana,23/11/1962,Male,5461 Algoma Place,dairy,2
133,Shayla Sweeting,28/01/1982,Other,0 Marquette Parkway,sesame,
145,Trenna Hanny,28/11/1995,Female,1 Farragut Crossing,soy,4
277,Townie Endricci,13/04/1984,Other,1267 Cascade Road,soy,3
72,Verile Squibb,10/09/1908,Female,0 Pankratz Street,gluten,2
229,Nariko Norheny,24/05/1926,Female,2915 Blackbird Crossing,dairy,
282,Dane McGaugan,01/10/1940,Male,50 Colorado Trail,dairy,
193,Lou Willsmore,16/09/1936,Female,62 Walton Plaza,shellfish,
141,Paulita Deering,26/03/1916,Female,91 West Pass,dairy,
75,Emmett Orwin,21/09/1971,Female,0 Fair Oaks Street,soy,
163,Cointon Coldbath,30/04/1922,Male,66196 Veith Avenue,sesame,2
130,Querida Driver,11/02/2009,Male,0925 American Ash Way,tree nuts,2
204,Jory Firminger,18/10/1922,Female,04483 Becker Terrace,tree nuts,
96,Joyann Conneau,14/09/1987,Male,33 Raven Plaza,none,1
94,Jordanna Portwaine,29/09/1930,Other,5327 La Follette Street,none,
195,Alicia Morey,09/09/1943,Male,987 Grover Circle,dairy,
190,Valma Denkin,03/11/1960,Other,5058 David Hill,fish,1
263,Bryon MacCrosson,11/04/1988,Female,006 Cambridge Drive,peanuts,1
19,Daffi Hamlington,05/09/1996,Female,076 Corry Place,none,2
45,Marcello Costell,07/08/1939,Male,480 Messerschmidt Way,soy,2
67,Somerset Blankenship,08/03/1914,Other,1 Westridge Avenue,peanuts,2
41,Alyda Bothen,23/03/1905,Male,6308 Arapahoe Way,dairy,1
265,Tyler Gorghetto,07/05/1922,Male,27 Melvin Road,dairy,1
31,Coraline Domengue,23/12/1967,Female,39 Comanche Drive,gluten,2
227,Tally Debling,03/07/1983,Other,8645 Sachs Street,gluten,1
152,Hewett Huntingdon,17/05/1958,Female,7 Doe Crossing Road,none,1
9,Tansy Flament,31/08/1989,Female,623 Chinook Court,gluten,1
4,Steven Chattock,29/07/1911,Male,9477 Walton Court,shellfish,1
37,Marne McCloid,21/05/1997,Female,9 Evergreen Crossing,soy,2
7,Harriet Dommett,25/03/1960,Female,7 Kensington Way,sesame,1
24,Carney Lannon,04/01/1996,Female,552 Del Mar Plaza,sesame,
78,Claus Ivanyutin,30/12/1979,Male,7347 Washington Plaza,shellfish,
271,Auberon Kedie,23/05/1968,Male,43355 Monterey Trail,soy,1
19,Jessika Van Leeuwen,12/07/1986,Female,71649 Main Terrace,tree nuts,2
68,Madeline Donke,02/09/1988,Female,04 Florence Drive,fish,1
176,Caddric Creech,12/05/1996,Male,6718 Duke Junction,dairy,2
240,Alysa Ambroziak,20/10/1970,Female,898 Clarendon Circle,tree nuts,
245,Esteban Doulden,12/10/1999,Other,07 Fallview Circle,dairy,
89,Ofella Ebsworth,10/05/1903,Male,27 Mayfield Avenue,eggs,
193,Priscella Greensmith,04/08/1971,Female,7 Oriole Way,none,
34,Chrysa Drummond,25/08/1990,Female,98 Butterfield Junction,none,1
257,Callean Axworthy,13/12/1956,Female,8 Schlimgen Pass,none,1
48,Franklyn Massot,27/05/1959,Male,52 Bunker Hill Point,none,1
79,Tammy Anten,18/07/1950,Female,87 Blackbird Pass,peanuts,
215,Konstantin Lammas,19/10/1975,Female,2949 Parkside Junction,dairy,3
294,Beverly Archley,18/11/2017,Other,2024 Ludington Terrace,shellfish,1
199,Lillian Marlow,22/02/1965,Other,8 Sullivan Street,wheat,
79,Bronson Hannaby,08/10/2001,Female,0313 Bashford Point,gluten,
210,Peg Pountain,04/03/1978,Female,53208 Sycamore Junction,sesame,3
274,Dinah Schoales,20/12/1995,Female,2 Scott Street,soy,3
249,Rhea Kretschmer,29/09/1986,Female,242 Maywood Pass,none,1
123,Mackenzie Cremin,01/02/1958,Male,5 Summit Hill,none,
280,Ulrikaumeko Maitland,15/07/2009,Female,4 Chinook Road,none,
38,Alisun Domenget,26/03/1966,Other,74 Crowley Park,none,1
73,Dael Julien,23/04/1973,Male,5 Shopko Place,eggs,5
250,Jinny Di Angelo,14/09/2007,Male,79 Crownhardt Way,shellfish,2
273,Ezmeralda Papierz,06/02/1919,Male,9090 Judy Crossing,peanuts,2
112,Alastair Huzzey,05/10/1905,Male,212 Kenwood Parkway,tree nuts,4
263,Tiffani Frantzeni,07/06/1914,Other,3 Fisk Alley,none,1
20,Vikki Astridge,21/07/1942,Male,13705 Emmet Avenue,shellfish,
158,Ross Duffy,30/04/1940,Male,39 Village Green Trail,none,4
20,Allianora Clyant,29/11/1920,Male,075 Kingsford Park,none,
260,Bethena Keddle,12/09/1917,Female,65 School Parkway,peanuts,
198,Paulina Valero,24/05/1919,Female,285 Crest Line Alley,shellfish,1
58,Lucille McElhinney,03/12/1944,Female,00 Green Avenue,none,2
136,Thorpe Bealing,03/02/1927,Male,50 Dixon Drive,none,
206,Cosetta Eaden,19/04/1977,Male,5 Menomonie Hill,none,3
52,Ford Gooden,31/07/1972,Other,8 Village Green Junction,soy,1
213,Laverne Licas,03/04/1924,Male,049 Claremont Drive,none,
219,Alane Syvret,10/01/1908,Other,45084 Becker Lane,gluten,1
13,Ashleigh Browell,22/05/1974,Female,1111 Vermont Place,none,1
212,Rikki Werrit,02/11/1913,Male,4280 Marquette Hill,soy,1
263,Brendan Engeham,30/07/1981,Male,448 Cody Way,dairy,1
13,Tierney Lacroux,18/07/1942,Female,5857 5th Park,eggs,1
285,Dorris Ingray,26/05/1950,Female,5408 Leroy Park,sesame,1
20,Pammy O'Neill,30/08/1998,Other,09 Eastwood Court,dairy,
3,Edee Biaggetti,16/04/1914,Other,121 Pankratz Lane,soy,
39,Doretta Cadany,05/09/2017,Female,79 Shelley Junction,sesame,3
132,Boycie Pavlishchev,05/09/1945,Other,12758 Moose Court,eggs,1
203,Tamarah Hariot,18/04/1927,Female,0 Kingsford Lane,peanuts,5
132,Kaiser Noore,29/08/1986,Male,62 Calypso Point,none,1
35,Mill Whellans,04/11/1946,Other,72042 Granby Trail,none,
10,Ashla Cross,27/03/2006,Female,6 Westport Parkway,eggs,1
188,Clarey Tattam,29/11/1949,Female,9 Steensland Park,soy,3
76,Janessa Grabeham,07/06/2009,Other,0 Comanche Parkway,fish,
269,Granger Geeves,22/06/1999,Female,990 Glendale Center,none,
277,Ferrell Wheildon,08/03/1951,Other,85 Wayridge Junction,fish,3
215,Rosabella Hirsch,23/01/1923,Male,5 Alpine Place,peanuts,3
256,Breanne De L'Isle,13/10/2017,Male,68248 Troy Terrace,eggs,
263,Kaylil Shotboult,12/06/1910,Other,7364 Kingsford Pass,none,1
87,Sabine Ashelford,03/05/1959,Other,8 Erie Avenue,tree nuts,1
212,Madlen Oxnam,13/01/2014,Male,74587 Atwood Circle,gluten,1
46,Bobby Flaxman,18/01/2003,Male,359 Kings Place,gluten,1
78,Elia Delagnes,20/06/2014,Male,99 Northridge Street,fish,
173,Cami Osment,13/06/2024,Male,760 Comanche Circle,none,1
55,Marga Henri,17/12/1950,Other,11943 Anderson Pass,dairy,2
236,Vincenz Stoeckle,08/12/1936,Female,38893 6th Hill,none,
187,Francois Kissell,25/11/1985,Male,123 Amoth Plaza,soy,1
153,Marcille Wesgate,20/03/1901,Female,676 Karstens Way,none,
226,Caspar Poleykett,17/12/1931,Female,38 Shopko Park,soy,1
16,Josh Aleksic,10/08/1974,Other,31 Golf Course Place,none,
178,Roy Frayne,04/01/1967,Female,085 Elka Alley,dairy,1
43,Leontine Breadmore,02/10/1995,Male,0 Starling Parkway,peanuts,
1,Merline Pinnocke,16/06/1958,Male,92006 Ilene Court,soy,1
133,Catarina Marczyk,15/10/1904,Female,8022 Bonner Trail,none,
295,Becka Annett,11/11/2018,Other,50 Londonderry Road,peanuts,2
235,Marjorie Bendtsen,13/07/1989,Female,952 Steensland Parkway,peanuts,1
19,Kori A'field,17/04/2016,Male,11561 Meadow Ridge Junction,fish,2
180,Calli Chaimson,08/10/1901,Male,67 Dwight Point,none,2
116,Morey Gianelli,03/02/1938,Other,36 Sundown Junction,none,1
287,Shayna Wedlock,22/10/1924,Female,53812 Oakridge Terrace,eggs,
234,Mikel Aiston,15/12/1990,Female,6302 Kenwood Street,eggs,1
117,Lanita Dixon,11/11/1967,Male,71 Norway Maple Parkway,dairy,1
42,Guss Tiffany,25/07/1913,Other,47106 Prairie Rose Park,none,
207,Karola McSaul,18/08/2012,Other,5 Havey Pass,gluten,2
267,Sarah Dolman,07/10/1925,Other,0 Morrow Way,none,
258,Andres Coady,14/09/1901,Female,77823 Summit Drive,none,
150,Hollyanne Glasebrook,06/08/1954,Female,1003 2nd Road,none,2
180,Janice Sabates,30/09/1947,Male,5 Hayes Park,none,2
226,Darius Larrington,15/07/1928,Female,353 Kropf Circle,none,1
100,Donica Arnald,25/06/1926,Female,26 Summer Ridge Trail,none,
125,Lisetta Steggles,24/03/2009,Female,8 Maywood Street,none,
55,Glyn Hardware,03/09/1930,Female,14266 Straubel Plaza,none,2
277,Mara Lillicrap,18/01/1913,Female,85576 Delaware Court,eggs,3
1,Dian Tift,28/10/1956,Other,94934 Artisan Lane,fish,1
50,Fawn Pritchett,11/05/1955,Female,90 Cody Road,sesame,1
191,Sven Gerard,19/06/1925,Other,46 Atwood Center,none,
246,Jobie Towner,20/01/1945,Other,4720 Washington Avenue,none,1
218,Nobe Thumann,31/05/1912,Male,5 Oneill Avenue,sesame,2
97,Jeremy Fraulo,23/09/1905,Other,553 Bay Plaza,soy,
246,Maryjane Valerio,11/06/1978,Male,340 Meadow Ridge Park,peanuts,1
274,Sansone Hercock,27/08/1984,Female,78 Forest Run Street,eggs,3
183,Zachary Utley,19/05/1966,Other,922 Sage Trail,shellfish,1
46,Kayne Girodon,14/12/1925,Other,439 Delladonna Place,peanuts,1
249,Alena Lumm,27/08/1934,Other,130 Warner Center,sesame,1
267,Constantine Waudby,26/12/1997,Female,56629 Merry Alley,none,
36,Teriann Fitton,08/01/1969,Other,8 Parkside Junction,soy,
200,Iain Tattersfield,04/04/1951,Female,61703 Twin Pines Point,shellfish,
22,Adolph Benediktovich,05/03/1928,Male,644 Esker Avenue,dairy,1
62,Sasha Gooderridge,10/11/1911,Other,9911 Memorial Avenue,shellfish,
274,Sandro Strainge,22/06/1913,Female,16793 Shelley Park,none,3
1,Bernie Di Boldi,05/01/1919,Male,15 Morning Point,dairy,1
15,Benni Camillo,18/02/1962,Male,92 Ohio Way,fish,3
91,Alistair Castellet,15/11/1922,Female,02011 Homewood Trail,peanuts,
288,Linzy FitzAlan,06/01/1904,Male,00901 Merry Road,soy,1
160,Pippo Buesden,20/06/1969,Female,4081 Badeau Junction,tree nuts,1
133,Conan Vasilov,18/09/1902,Male,557 Fremont Junction,dairy,
296,Wendell Swyndley,29/11/1903,Other,580 Basil Point,none,1
95,Ansell Wellesley,28/05/1964,Female,56919 Mitchell Pass,eggs,2
104,Roman Echalier,05/04/1938,Other,82 Commercial Parkway,none,2
197,Kaitlynn Cicconetti,09/03/1940,Other,322 Maple Wood Plaza,fish,
25,Derby Frodsam,09/09/1965,Female,64 Susan Junction,eggs,1
244,Gilly Edgcumbe,28/08/1963,Other,2982 Morning Plaza,none,1
165,Cristian Cescot,14/09/1971,Female,786 Canary Way,fish,1
95,Charil Bubbings,12/06/1936,Female,105 Anthes Center,peanuts,2
164,Calvin Knipe,12/01/1903,Male,6120 Golf Alley,none,
173,Corinna Beddoes,30/06/1926,Male,2 Rusk Street,none,1
11,Charis Kassidy,01/01/1981,Male,70 Birchwood Terrace,tree nuts,
188,Halimeda Ida,14/01/1910,Other,11010 Steensland Drive,none,3
107,Ros Lugden,17/08/2019,Male,139 Dapin Drive,gluten,2
121,Chelsey Tort,13/09/2003,Male,24906 Sloan Drive,dairy,1
193,Colman Victoria,28/08/1988,Male,260 Becker Way,soy,
61,Meade Goodman,01/05/1976,Male,18 Summit Terrace,soy,1
12,Marney Wessing,17/03/1910,Other,472 Thierer Plaza,none,1
288,Codie Glasper,01/09/1943,Male,9 Esker Drive,dairy,1
41,Dona Bakey,06/03/1987,Male,07714 Atwood Pass,peanuts,1
184,Faun Stanlick,16/02/1917,Female,64 Claremont Street,none,
86,Magda Athowe,12/06/1999,Female,183 Hooker Way,tree nuts,
128,Barri Middlewick,21/07/2009,Male,53310 Nancy Pass,wheat,1
187,Arturo Agge,27/02/1908,Female,772 Darwin Hill,none,1
148,Elton Girardoni,11/03/1987,Female,2120 Grayhawk Hill,wheat,2
224,Kristyn Nanni,18/01/1950,Other,8 East Pass,none,2
153,Melanie Maidlow,22/06/1958,Female,94 Bultman Circle,none,
240,Amabelle Fotherby,07/10/2014,Other,10 Eagle Crest Circle,none,
127,Dominic Mindenhall,19/09/1935,Other,58 Cody Place,eggs,
86,Douglas Le Gall,14/03/1942,Other,312 Declaration Way,soy,
29,Cooper Dallinder,09/12/1975,Female,8512 Logan Place,fish,
131,Andrew Krzysztof,24/03/1904,Male,17611 Esch Hill,soy,
111,Zenia Yorke,06/02/1974,Male,20 Emmet Court,none,3
224,Ida Gobolos,22/06/1999,Female,184 Graedel Way,sesame,2
260,Dionysus Peret,02/08/1917,Male,9560 Lighthouse Bay Parkway,wheat,
70,Devora Managh,31/10/1911,Male,56 Kings Center,soy,1
282,Guthrey Thurgood,04/07/1937,Male,274 Village Circle,none,
252,Shaw Litton,18/08/1920,Female,269 Sullivan Junction,sesame,2
289,Darline Gilyott,23/04/1919,Male,3214 Mendota Hill,none,
258,Parry Fratson,19/10/1996,Male,7 Banding Alley,gluten,
73,Matty Hubber,08/04/1925,Other,1538 Burrows Junction,shellfish,5
78,Carlos Downham,17/12/1942,Other,7066 Westerfield Circle,peanuts,
231,Vivyan Doreward,06/07/1953,Other,13 David Pass,fish,2
284,Silvie Buckenhill,25/05/2012,Other,9893 Welch Drive,none,
178,Jan Gready,04/01/1996,Female,643 Badeau Road,none,1
159,Archer Loseke,15/02/1965,Female,5 Carpenter Pass,wheat,1
84,Colan Bonfield,21/01/1955,Other,1 Buena Vista Alley,gluten,1
142,Debera Lie,09/08/1969,Male,751 Bartelt Hill,sesame,
2,Neda Daysh,14/02/1930,Other,5 Shoshone Place,sesame,1
292,Norine Bigmore,24/12/1920,Other,53 Knutson Plaza,peanuts,
296,Xavier Wavish,18/06/1967,Male,5 Bay Trail,none,1
89,Marinna Hathorn,30/12/1909,Other,13 Redwing Pass,dairy,
151,Brit Droghan,23/10/2019,Other,94 Gina Center,eggs,
119,Berget Tootin,08/11/1944,Male,786 Independence Junction,shellfish,2
197,Vittoria Tench,01/06/1949,Other,1 Delladonna Crossing,gluten,
32,Antonius Broady,20/12/1995,Female,5310 Northport Circle,none,
88,Matilde Denidge,31/01/1926,Other,46347 Duke Road,shellfish,1
131,Ana Fransoni,08/06/1966,Male,80633 Meadow Valley Road,none,
73,Laurena Monketon,20/04/1910,Male,5 Fordem Park,soy,5
64,Kelcey Vear,22/12/1970,Male,05 Rockefeller Place,gluten,1
81,Chancey Nell,06/01/2006,Male,0310 Swallow Crossing,peanuts,1
251,Donni Peffer,30/06/1978,Male,5 Scoville Place,gluten,1
101,Enrico Rantoull,17/01/1901,Other,619 Goodland Hill,none,1
299,Bone Veque,15/08/1931,Male,40 Moulton Way,wheat,
82,Veriee Broader,22/11/1906,Other,05144 Center Trail,soy,2
267,Chickie Epinay,09/05/1995,Male,75 Arkansas Plaza,shellfish,
145,Edee Bilbie,23/09/1988,Other,4 Mayfield Street,sesame,4
202,Jania Stanyforth,25/12/2021,Male,06 Merrick Hill,sesame,
161,Morganne Eveleigh,23/06/2020,Other,0 Texas Alley,dairy,
140,Washington Drohun,23/12/1911,Other,503 Service Alley,eggs,1
255,Royce Fairs,21/04/1962,Male,9 Hallows Avenue,wheat,1
75,Eugenio Dixcee,01/08/1948,Female,24861 Prentice Terrace,fish,
86,Park Badgers,16/11/2003,Female,205 Kinsman Avenue,soy,
124,Adelle Umpleby,28/07/1983,Other,82 Moland Alley,none,
93,Arleen McPartling,16/05/1928,Female,2 Ridge Oak Alley,shellfish,1
154,Aveline Horsburgh,01/08/1952,Other,16 Summit Park,peanuts,1
287,Jennette Dulwich,11/07/1944,Other,3 Butterfield Pass,none,
130,Gray Corbert,06/05/1938,Other,4381 Ridge Oak Hill,dairy,2
228,Anatole Crees,17/05/2010,Other,530 Bartelt Hill,none,1
194,Rozelle Robillart,02/10/1973,Male,7791 Eagan Road,soy,2
262,Morey Vasyuchov,17/11/2015,Female,971 Evergreen Crossing,soy,1
164,Erin Jaeggi,11/04/1918,Other,6 Holy Cross Terrace,fish,
99,Tessie Lichtfoth,16/12/1967,Other,00266 Kinsman Crossing,dairy,2
95,Keen Daniaud,12/08/1914,Other,94 Monument Junction,wheat,2
51,Win Vaskin,20/04/1903,Other,67 Nelson Point,eggs,1
286,Camilla Emsden,17/04/1975,Other,68 Melody Terrace,fish,1
142,Lottie Mariolle,17/05/1987,Other,737 Vermont Terrace,none,
175,Bonnee Lerway,20/12/1966,Other,94746 Kennedy Street,soy,
202,Robb Rippingale,03/12/1907,Other,57710 Ridgeway Park,wheat,
296,Silva Dunseith,01/12/1956,Male,4 Sheridan Road,sesame,1
204,Petronella Lattey,10/12/1942,Male,5567 Schurz Junction,peanuts,
143,Samantha Mullin,06/04/1963,Other,399 Oakridge Court,shellfish,1
237,Aron Walhedd,11/12/1991,Female,87 Declaration Court,soy,
2,Justis Rowantree,21/06/1905,Male,936 Park Meadow Lane,none,1
263,Kara-lynn Mockler,10/10/2003,Other,7683 Northridge Parkway,none,1
217,Griz Curlis,18/10/1906,Female,84287 Meadow Vale Alley,none,4
70,David O' Meara,17/09/1930,Male,40 Kim Parkway,none,1
158,Zabrina Costen,21/03/2022,Male,2 Coolidge Court,gluten,4
152,Clarette Boyton,08/09/1947,Male,4786 Corben Street,shellfish,1
225,Austen Reary,21/01/1997,Male,16296 Independence Point,gluten,2
136,Hollie Kither,25/11/1916,Male,44948 Red Cloud Road,tree nuts,
237,Opaline Dooman,29/09/2003,Female,5926 Shopko Terrace,wheat,
13,Yolanda Shackesby,29/04/1974,Male,5 Schiller Crossing,tree nuts,1
203,Nathanial Thame,03/07/2015,Other,068 Ridgeview Road,shellfish,5
271,Hyman Pogg,18/09/1996,Female,5 Lien Junction,gluten,1
75,Kerby Adney,17/03/1935,Other,89 Holmberg Alley,none,
163,Brucie Burdell,25/08/1919,Other,03 Weeping Birch Street,none,2
88,Guenevere Slite,14/07/2021,Male,1525 Forest Run Pass,dairy,1
212,Tadeas Falla,09/12/1996,Female,7065 Delaware Point,none,1
197,Kary Falvey,28/08/1909,Female,9 Mayfield Plaza,gluten,
67,Orelee Kave,15/05/1946,Male,968 Anzinger Trail,soy,2
56,Morie Langcaster,20/10/1999,Other,1 Bultman Hill,soy,2
12,Alma Helliar,31/05/2019,Other,806 Buena Vista Center,soy,1
92,Joell Bollum,26/10/1955,Other,33 Heath Road,dairy,2
9,Cari Bausmann,11/12/1952,Other,6378 Basil Pass,none,1
244,Wakefield Ive,24/07/1902,Other,9 Texas Center,soy,1
65,Gracia Pegg,19/11/1919,Female,761 Schurz Lane,gluten,
18,Agretha Laughtisse,07/07/2017,Other,170 Knutson Court,tree nuts,
220,Gareth Tuma,20/07/1965,Female,3 Mcbride Plaza,sesame,1
129,Adaline Nesbeth,02/09/2019,Male,487 Artisan Crossing,soy,1
83,Nickolaus Coverdale,05/04/1905,Other,892 Judy Center,wheat,
177,Matthew Pauel,16/04/1925,Male,91 Sunfield Street,tree nuts,1
6,Erie Alway,24/12/1961,Male,6307 Hoffman Place,shellfish,
176,Leland Dary,01/07/1919,Female,4 Sachtjen Junction,none,2
186,Peria Reasun,04/05/1946,Female,54 Cambridge Crossing,tree nuts,
71,Tracie Blonden,12/08/1925,Female,965 Hintze Parkway,none,3
26,Marcile Giacomuzzo,08/11/1961,Female,66431 Summer Ridge Hill,sesame,2
224,Brooks Piesing,01/11/1921,Other,00743 Delladonna Drive,wheat,2
123,Diana Keedy,08/02/1912,Other,9455 8th Alley,none,
203,Lorena Rosario,28/02/2002,Male,51278 Sloan Hill,none,5
286,Dyna Jambrozek,19/09/1969,Male,4 Debra Point,none,1
45,Colas Cassy,26/07/1934,Male,2176 Delladonna Park,none,2
169,Enrique Coneybeer,03/07/1995,Other,34474 Del Mar Trail,shellfish,1
163,Johnathan Wilkenson,27/08/2017,Female,52 Valley Edge Center,none,2
273,Guinevere Mariette,26/10/1901,Female,10 Pennsylvania Crossing,dairy,2
113,Caroljean Caville,25/08/2005,Female,43520 Hoffman Road,none,
57,Averyl Yukhnin,09/05/1987,Other,34233 Riverside Point,dairy,
11,Amberly Kilcullen,15/07/2001,Male,7264 Pennsylvania Alley,peanuts,
30,Shelagh Pimer,18/04/1927,Female,92 Fulton Street,gluten,
292,Albrecht Kinchin,24/07/2023,Other,8 Scott Alley,soy,
137,Bert Slaten,04/09/1999,Female,8 Di Loreto Alley,wheat,
217,Frederik Kopta,10/01/1972,Other,595 Rigney Pass,sesame,4
100,Belicia Eckford,28/11/1974,Other,7 Sunfield Pass,peanuts,
78,Trixie Vinsen,13/06/1938,Male,260 Cody Terrace,none,
46,Claiborne Emerine,16/10/1902,Female,984 Fallview Lane,soy,1
121,Alma Greengrass,01/01/2017,Other,892 Utah Park,peanuts,1
186,Quentin Tillyer,11/01/1981,Female,79 Cherokee Center,none,
64,Remington Sillick,19/12/1989,Male,2 Lawn Trail,none,1
242,Nelson Steely,05/08/1900,Male,24083 Karstens Street,soy,1
161,Jerome I'anson,03/06/1906,Male,6311 Portage Terrace,wheat,
84,Madel Ronchka,04/10/1904,Male,9 Meadow Vale Court,dairy,1
290,Garland Mogra,27/09/2022,Male,353 Donald Point,tree nuts,2
97,Ash Hempshall,27/04/1999,Other,59945 Fair Oaks Road,tree nuts,
21,Elane Swedeland,12/04/1907,Male,65 Arizona Way,none,
284,Alisa Edwardson,25/07/2001,Female,81 Rockefeller Terrace,wheat,
9,Juana Miguel,07/01/2006,Male,1 Bunker Hill Pass,sesame,1
214,Anthiathia Teresa,05/11/1929,Other,9 North Crossing,gluten,
275,Boycey Cathrall,16/01/1982,Other,89761 Longview Circle,soy,
116,Towny Fargie,11/05/1966,Female,7498 Crowley Trail,tree nuts,1
25,Bianca McGrah,23/12/1902,Male,25198 Transport Drive,none,1
118,Quent Lux,02/02/2024,Male,195 Grover Alley,eggs,1
155,Hyacinthia Bowdidge,11/10/1942,Other,99414 Westridge Road,none,1
68,D'arcy Rishman,07/06/1952,Other,3088 Sherman Road,shellfish,1
63,Joleen O'Shesnan,11/04/2014,Female,8 Rigney Park,peanuts,
87,Ax Emmett,17/11/1960,Other,4 Bluejay Trail,wheat,1
80,Colline Doeg,21/06/1994,Female,90 Service Place,wheat,1
145,Enrico Sute,27/11/1956,Male,70 Sunfield Street,fish,4
73,Christean Jubert,06/12/1910,Male,3 Forest Dale Road,soy,5
191,Lurlene Childes,07/09/1910,Female,2 Kropf Plaza,none,
258,Lynde Pinckney,21/06/1964,Male,62 Leroy Park,peanuts,
48,Wilfrid Gwyther,06/12/1926,Male,26937 Summer Ridge Circle,shellfish,1
296,Chip Lorek,18/03/1958,Female,0991 Corry Hill,shellfish,1
150,Belle Gebhard,06/03/1982,Male,55 Morningstar Junction,shellfish,2
253,Maure Claughton,16/11/2012,Female,7621 Buell Court,fish,1
295,Taite Corbie,24/10/1927,Female,08 Anzinger Circle,fish,2
114,Corette Ziems,19/06/1992,Other,11 La Follette Crossing,fish,2
196,Davita Roycroft,21/08/2009,Male,7 Little Fleur Road,none,1
7,Neil Janssen,20/11/1973,Female,7695 Sherman Street,none,1
96,Edee Tresvina,25/12/1986,Male,58292 Holmberg Trail,none,1
171,Ruy Danford,17/04/1972,Male,215 Bowman Plaza,none,1
204,Nance Cubbit,31/12/2000,Male,57744 Gale Trail,tree nuts,
180,Netti Corter,28/06/1972,Female,902 Sutherland Pass,eggs,2
286,Brandon Shank,01/10/1998,Female,81 Tony Crossing,sesame,1
154,Tallia Stuchbery,02/07/1910,Male,5 Kinsman Circle,none,1
224,Sapphire Rimmington,07/06/1993,Female,4 Merrick Avenue,wheat,2
64,Bibby Bussetti,01/09/1918,Male,779 Blackbird Alley,gluten,1
295,Flore Harroway,21/01/1964,Other,8 Nelson Center,dairy,2
88,Byron Wulfinger,01/06/1978,Other,3102 Hallows Alley,none,1
198,Bevan Foss,06/02/1955,Male,40579 Nancy Drive,wheat,1
51,Caria Genicke,09/12/1997,Other,5 Service Crossing,wheat,1
295,Fionna Kleanthous,20/03/1993,Other,34816 Rusk Point,peanuts,2
53,Ringo Ibell,21/11/1947,Female,02 Eagan Lane,none,
290,Pen Leven,25/08/1934,Male,2575 Buena Vista Park,shellfish,2
244,Nalani Ferentz,17/09/1974,Female,09825 Walton Terrace,tree nuts,1
13,Chilton Insley,29/08/1904,Male,9 Straubel Way,fish,1
76,Noreen Creaven,18/10/1986,Other,683 Hanover Road,sesame,
221,Hamil Wicklen,31/05/1982,Female,523 Florence Court,gluten,
169,Briggs Brechin,28/05/1995,Male,06413 Stuart Way,gluten,1
55,Lowell Gibbeson,26/04/1944,Female,127 Carpenter Road,none,2
206,Alon Cisec,16/02/2020,Other,86 Cody Trail,shellfish,3
133,Sigfrid Entres,26/08/1935,Male,6 Mcbride Hill,gluten,
24,Tye Boswood,02/11/1984,Female,10 Sutteridge Center,sesame,
141,Miguela Fibbens,12/02/1979,Male,4972 East Street,none,
176,Cherry Grizard,21/04/1971,Other,6018 Holy Cross Way,fish,2
58,Krishna Bownes,12/11/1979,Female,182 Barnett Point,none,2
245,Marylynne Musk,18/05/1939,Other,503 Clemons Pass,none,
111,Bernice M'Chirrie,19/01/1936,Other,6421 Eastlawn Avenue,shellfish,3
151,Stanfield Somersett,17/04/1984,Other,8978 Burrows Lane,none,
83,Kalindi Jerrim,17/09/1965,Female,6758 Lakewood Hill,none,
161,Phyllida Dowty,09/03/1984,Male,55119 Prairie Rose Way,dairy,
211,Parnell Bampfield,06/01/1975,Female,8719 Merry Hill,none,2
96,Corbie Mc Caughan,13/07/1955,Female,24 Stang Alley,dairy,1
99,Odelinda Urvoy,25/07/1993,Other,1974 Messerschmidt Crossing,gluten,2
175,Berne Lecky,16/08/1984,Female,4 Continental Drive,none,
143,Glen Tuting,28/04/1990,Male,24836 Nelson Avenue,none,1
291,Hana Malins,24/05/1982,Other,50 Havey Center,fish,1
251,Sig Reed,01/09/1956,Male,71 Arrowood Point,shellfish,1
190,Johannah Blunderfield,10/07/1902,Other,5 Paget Center,none,1
165,Fawnia Rusk,27/04/1918,Female,97 Green Ridge Point,gluten,1
27,Berty Cecchi,24/01/1955,Female,26 Hooker Parkway,soy,1
66,Lindi Impson,20/03/1924,Male,07 Shasta Plaza,gluten,
280,Jade Kluss,06/08/1956,Other,08061 Schiller Lane,none,
155,Wadsworth Hounsom,11/06/1961,Female,0 Village Junction,gluten,1
88,Denys Muff,09/01/2010,Other,65 Prentice Hill,tree nuts,1
210,Yvonne Shearmer,23/04/1929,Female,6332 Bellgrove Alley,shellfish,3
103,Georgy Naton,16/03/1925,Male,34958 Westport Junction,none,1
111,Starlin Dormon,12/01/1959,Other,255 Old Gate Center,soy,3
199,Noelle MacRedmond,21/05/1991,Other,7653 Prairie Rose Park,shellfish,
186,Mattheus Ughini,27/03/1930,Other,3 Forster Street,none,
77,Giraldo Colleford,11/06/1952,Other,8 5th Street,fish,2
185,Belicia Lodovichi,27/02/1917,Female,01 Ludington Road,peanuts,
119,Cecily Rooze,24/10/1938,Male,0788 Anniversary Street,tree nuts,2
206,Packston Petracci,02/10/1923,Female,4727 Russell Pass,tree nuts,3
17,Calhoun Harral,06/05/1945,Male,0993 Ridgeway Park,peanuts,1
248,Raina Orlton,04/10/1969,Other,59 Londonderry Crossing,fish,1
41,Guenevere Chatenier,20/08/1920,Other,56575 Larry Avenue,peanuts,1
46,Feodora Fullilove,13/11/1905,Other,7392 Crescent Oaks Court,none,1
19,Gradeigh Phillis,07/12/1974,Female,13257 Sundown Park,shellfish,2
11,Kiri Eggerton,20/01/1991,Female,7409 Esker Avenue,wheat,
139,Shannan Viccary,14/07/1911,Other,13899 Prairie Rose Trail,none,1
246,Roseann Cuttelar,13/03/1921,Other,466 Corben Hill,gluten,1
4,Sherman Krienke,11/05/2015,Female,176 Fremont Court,none,1
258,Marion Boor,24/09/1963,Male,9195 Ryan Place,none,
176,Adolphe Shawl,10/04/1902,Other,6 Almo Crossing,dairy,2
189,Orv Perigo,02/06/1971,Other,1 Green Ridge Junction,eggs,1
112,Nikolia Elmer,08/05/1947,Male,0 Scofield Pass,tree nuts,4
15,Gardener Ivimy,17/10/1927,Other,9 Maywood Crossing,eggs,3
84,Laetitia Bellson,14/11/1912,Female,660 Bowman Pass,eggs,1
13,Trip Tripett,07/08/1915,Other,97519 Duke Park,tree nuts,1
26,Staci De Vere,13/11/1902,Male,4880 Waubesa Alley,gluten,2
115,Nev Lonergan,01/01/1951,Other,30 Kenwood Place,peanuts,
162,Barnett Tyght,16/01/2013,Other,88699 Morning Place,sesame,1
92,Inga Bracey,17/06/1964,Other,9059 Scoville Alley,tree nuts,2
243,Sissy Painswick,20/02/1939,Female,529 Shelley Street,eggs,2
2,Pablo Copello,10/03/1978,Male,9 Village Plaza,none,1
231,Beryle todor,31/01/1951,Other,14665 Pennsylvania Street,tree nuts,2
87,Clovis Kenrat,15/02/1906,Male,6 Harbort Crossing,shellfish,1
16,Gordy Rounding,20/03/1929,Female,84207 Eastlawn Center,dairy,
255,Rikki Spellar,20/03/1995,Other,1 Mallory Crossing,sesame,1
203,York McMakin,15/03/1994,Male,7 Jackson Trail,none,5
142,Leila Muzzlewhite,28/06/2021,Female,77036 Glacier Hill Park,shellfish,
150,Alissa Hamon,29/09/1974,Male,9949 Golf View Park,none,2
284,Maximilian Dwire,18/11/1931,Other,422 Rockefeller Place,shellfish,
119,Guinevere Bartrop,24/01/1996,Male,1081 Tennyson Lane,none,2
36,Kimberlee Latehouse,15/04/1942,Male,62384 Prairie Rose Terrace,tree nuts,
104,Pamelina Cordaroy,17/03/1986,Male,8 1st Crossing,none,2
64,Carmencita Parton,16/04/1994,Female,7720 Prairie Rose Road,dairy,1
22,Cord Lutwyche,18/07/1907,Other,286 Atwood Avenue,wheat,1
37,Haleigh Mabbutt,28/03/1906,Other,55 Lindbergh Place,tree nuts,2
252,Miquela Stoney,26/09/1929,Male,881 Eliot Center,none,2
66,Dagny Pea,08/12/1984,Male,308 Texas Alley,shellfish,
102,Corny Strother,15/08/1979,Male,52844 Sheridan Avenue,dairy,2
8,Kippar Pedreschi,16/08/1918,Female,36 Melby Point,fish,3
20,Brigg Bough,16/12/2018,Female,2901 Walton Terrace,none,
63,Priscilla Mumbray,12/11/1957,Other,81928 Stuart Street,peanuts,
56,Lucais Beddoes,09/01/1959,Male,81 Riverside Street,shellfish,2
300,Dolores McClary,31/01/1947,Male,65 Texas Junction,tree nuts,1
74,Sibylle Ashborn,19/09/1906,Female,00 Montana Way,eggs,
119,Jennine Atcherley,20/11/1927,Other,89861 Service Circle,none,2
285,Andree Bichener,20/04/1931,Other,654 Florence Circle,fish,1
109,Kerrill Revely,22/12/2020,Female,05 Elka Hill,none,3
295,Elbert Wotherspoon,03/09/1955,Other,7362 Delladonna Alley,eggs,2
239,Amelina Mulrean,01/02/1962,Female,18 Chinook Street,shellfish,
102,Jae Longley,28/10/1976,Male,3 Crowley Center,fish,2
278,Olivie Coase,27/01/1953,Male,2 Express Street,dairy,2
129,Tricia Cristofanini,16/05/1915,Other,650 Pawling Circle,none,1
142,Robbie Arondel,08/06/1913,Female,79 Alpine Point,wheat,
49,Darice Ruberti,02/09/2016,Male,5 Everett Way,sesame,2
295,Tamma Cicchelli,10/01/1957,Female,7150 Coleman Point,peanuts,2
89,Audra Corradengo,08/07/1912,Female,4452 Thackeray Road,eggs,
245,Bevin Cullimore,05/08/2008,Other,391 Larry Point,peanuts,
245,Peyter Sagerson,03/07/1989,Male,81484 Waywood Plaza,dairy,
106,Engelbert Dupree,03/01/2004,Other,58769 Gateway Crossing,fish,
278,Hatti Bartczak,13/10/1904,Female,6966 Anthes Hill,gluten,2
296,Fredra Boyet,14/12/2011,Other,213 Prairieview Way,none,1
239,Sibby Wilbud,12/08/1910,Male,203 Killdeer Hill,none,
36,Freedman Nolder,29/12/1932,Male,9928 Morning Park,none,
149,Merv Faich,29/04/1956,Female,9 Utah Pass,soy,
243,Lorilee Othen,15/04/1912,Female,72 Oak Valley Alley,tree nuts,2
113,Menard Dalton,09/08/1976,Other,874 Veith Place,shellfish,
70,Hewet Kealy,06/11/2001,Other,01591 Steensland Way,none,1
65,Annamarie Kibard,06/11/1994,Other,0 Portage Junction,dairy,
174,Yurik Migheli,08/12/1964,Other,4688 Carpenter Circle,none,2
110,Esteban Weal,29/10/1901,Female,038 Warbler Avenue,fish,
264,Noemi Demonge,30/05/1922,Male,866 Gale Crossing,none,1
153,Henrietta McKinn,25/02/1945,Male,616 Evergreen Court,shellfish,
296,Eloisa Grisard,15/08/1902,Other,01 Pleasure Terrace,none,1
138,Theressa Warland,10/06/1936,Other,1557 Bayside Point,tree nuts,1
35,Prince Do Rosario,02/02/2003,Other,18 Columbus Junction,none,
38,Huntlee Meighan,10/01/1955,Female,709 International Alley,soy,1
216,Fiann Billingsly,28/07/1978,Other,7559 Sommers Parkway,fish,
270,Fulvia Jollie,13/07/2004,Female,5060 Roxbury Avenue,shellfish,1
202,Lucas Hallaways,12/03/1921,Other,681 Annamark Park,tree nuts,
129,Reina Muslim,31/05/1953,Other,6219 Old Gate Center,fish,1
131,Joceline Wateridge,02/09/1980,Other,765 Judy Place,shellfish,
27,Xenos Peiser,28/09/2018,Other,687 Nobel Road,none,1
24,Romy Beldon,24/08/1936,Other,92665 Brown Drive,tree nuts,
2,Dahlia Rawlyns,06/07/1945,Female,91 Morning Plaza,none,1
220,Diana Frankes,05/11/1920,Other,21 Hollow Ridge Road,gluten,1
40,Adella Grisenthwaite,11/01/1946,Other,213 Florence Court,fish,2
161,Ruy Berthomier,14/07/1911,Female,4 Monterey Center,eggs,
162,Kristina Leathes,18/11/1929,Female,61 Loomis Hill,shellfish,1
254,Mathilde Murt,02/09/1927,Female,6 Annamark Way,shellfish,4
185,Flem Kinsley,22/11/1995,Other,42589 Schurz Lane,none,
229,Xavier Lean,03/03/2015,Female,9936 Onsgard Pass,sesame,
164,Kenn Awty,10/05/1995,Male,040 Kenwood Circle,none,
81,Pavlov Welden,07/07/1949,Female,972 Monument Avenue,none,1
151,Kerry Itzcak,17/04/2018,Male,399 Superior Junction,eggs,
109,Cherida Stockall,21/02/1912,Other,3007 Ridge Oak Park,wheat,3
216,Mirella Pharoah,31/07/1907,Other,7 Elmside Terrace,none,
197,Skipp Norton,07/09/1959,Other,9 Hanover Way,dairy,
8,Merwyn Liversley,20/07/2017,Male,2 Everett Road,none,3
80,Linell Boddymead,17/09/2019,Female,137 Spaight Street,none,1
158,Orazio Kennet,02/08/1924,Other,72760 Esker Road,fish,4
14,Odette Romi,09/12/2018,Female,73 Darwin Crossing,tree nuts,
162,Angela Pattisson,09/04/1964,Male,5 Clemons Crossing,sesame,1
298,Bryn Chadburn,04/12/1937,Male,2 Longview Parkway,none,
269,Marlene Pusill,27/11/1940,Female,86700 Thackeray Circle,dairy,
104,Durante Coulthard,22/05/1984,Male,4 Almo Point,dairy,2
27,Roanne Shee,14/11/1984,Female,51798 Utah Road,tree nuts,1
266,Andrea McPeake,13/07/1928,Other,114 Lukken Pass,none,1
152,Patrizio Holyland,13/01/1941,Other,56 Merchant Trail,sesame,1
45,Hunter Josifovitz,10/07/1927,Other,5326 Spaight Park,none,2
259,Lanette Gumby,03/07/1998,Other,1 Clyde Gallagher Avenue,eggs,
60,Bobbie Hansed,11/06/2019,Female,7 Stephen Pass,shellfish,
150,Laure Fegan,01/06/1998,Male,68 Kenwood Avenue,none,2
121,Laurena Lardiner,08/07/1918,Other,60 Springs Lane,none,1
104,Elise Allender,07/04/1952,Female,89 Muir Drive,tree nuts,2
12,Mehetabel Chaman,15/12/1982,Male,25 Lerdahl Place,peanuts,1
60,Tisha Dugall,14/11/1916,Female,17 Birchwood Circle,shellfish,
170,Forester Gronous,10/04/1922,Female,39469 Calypso Street,shellfish,1
296,Ennis Iannuzzelli,17/03/1936,Male,4 Hoepker Court,wheat,1
230,Seka Vincent,19/12/1988,Female,24302 Merry Parkway,peanuts,
138,Aigneis O'Scollee,25/04/1950,Female,842 Marquette Trail,none,1
232,Parrnell Kamall,02/02/1996,Other,4368 Merry Terrace,dairy,1
54,Sada Hartrick,27/06/2000,Female,0231 Morningstar Crossing,tree nuts,1
275,Sandye Brameld,07/09/1943,Other,8786 Hermina Court,none,
36,Chrissie Le Grice,19/09/1909,Male,0761 Loftsgordon Park,sesame,
155,Kristine Ecob,26/06/1942,Male,22893 Washington Pass,dairy,1
69,Charles Hupe,18/12/1983,Other,732 Dawn Street,soy,1
97,Gwennie Bagwell,27/02/1918,Female,146 Pepper Wood Crossing,fish,
100,Vinita Dickings,08/05/1937,Other,9874 Havey Crossing,peanuts,
23,Rinaldo McClunaghan,25/09/1928,Male,0 Jenifer Lane,soy,1
57,Rancell Chinnock,11/09/1948,Male,9 Daystar Street,none,
285,Leif Wallwood,30/05/1963,Other,79 Pennsylvania Road,tree nuts,1
177,Sella Chichgar,17/04/1964,Male,36 Beilfuss Terrace,shellfish,1
271,Homere Wass,10/04/1931,Female,0218 Holmberg Way,none,1
158,Gabriele MacCole,16/11/1923,Male,4014 David Way,wheat,4
222,Merlina Nelthorp,09/05/1927,Male,86 Trailsway Drive,peanuts,1
79,Janot Wharrier,24/05/1925,Other,8050 Heath Court,wheat,
218,Tamera Cavee,01/03/1943,Male,12 Riverside Pass,eggs,2
225,Norby Josey,12/04/2006,Female,6 Nelson Drive,sesame,2
115,Culley Coules,01/05/1905,Other,5617 David Avenue,fish,
254,Raynell Bagwell,16/02/1994,Other,17 Fairfield Avenue,none,4
56,Dolley Varty,27/03/1930,Male,03 Stoughton Place,none,2
40,Lorrie Cousans,07/07/1911,Male,2765 Surrey Circle,none,2
143,Paula Vany,18/01/1913,Female,400 Anzinger Crossing,none,1
22,Harald Treleven,16/08/1979,Other,4103 Heath Junction,peanuts,1
80,Tobye Insull,20/12/1976,Other,368 Gina Place,peanuts,1
171,Artemas Critten,16/03/2002,Female,3651 Lunder Court,soy,1
32,Cherise Day,29/03/1930,Male,2215 Bay Terrace,wheat,
110,Cathee Halwell,30/11/1954,Female,989 Elka Circle,fish,
33,Bendix Baskeyfied,23/07/1929,Other,1677 Goodland Avenue,sesame,
10,Chrysa Warman,31/10/1950,Other,0674 Sachs Hill,eggs,1
52,Lanny Wickling,20/08/1921,Other,185 Fremont Park,sesame,1
63,Ferd Fausset,03/01/1984,Male,115 Anhalt Street,none,
267,Trevor Dennett,28/07/1954,Female,3 Mcguire Alley,fish,
190,Wain Carnall,25/08/1997,Female,915 Namekagon Place,none,1
8,Randell Chalk,14/02/1962,Female,8 1st Parkway,none,3
63,Nico Balharrie,12/01/2015,Other,762 Sycamore Park,none,
119,Cob Demangeon,03/01/2015,Male,47454 Lien Point,gluten,2
59,Cam Sygroves,09/12/1985,Other,35 Vahlen Place,none,1
83,Gwyneth Dominey,19/04/1929,Female,87 Melvin Parkway,none,
13,Ximenes Reidie,02/06/2009,Other,3430 Linden Lane,none,1
93,Travers Benne,04/07/2011,Female,27152 Cambridge Lane,wheat,1
159,Miof mela Semarke,23/09/1918,Female,69898 Arapahoe Pass,dairy,1
114,Leah Chessil,06/11/1917,Other,831 Burning Wood Park,fish,2
247,Ardis Symper,07/04/1919,Male,0 3rd Place,none,4
156,Sal Uvedale,17/01/1980,Other,2 Leroy Lane,none,
261,Chase Filon,06/10/2021,Other,70 Columbus Road,sesame,3
216,Rex Becom,06/07/1928,Female,3 Tennyson Court,dairy,
279,Maudie Dowdall,23/03/1979,Female,01 High Crossing Alley,none,
146,Jyoti Sandham,01/10/1917,Other,97929 Shopko Parkway,gluten,2
73,Brett Shorto,25/06/1979,Male,475 Tennyson Park,gluten,5
5,Dun Nolin,03/12/1942,Male,409 Ludington Drive,none,
185,Eulalie Wordington,28/12/1902,Other,17 Lerdahl Terrace,soy,
45,Gwennie Bewlie,03/12/1995,Female,62059 Autumn Leaf Pass,none,2
102,Sky Gaytor,07/06/1993,Other,98184 Sundown Lane,none,2
119,Melba Vasnev,15/11/1972,Other,05049 Basil Road,tree nuts,2
143,Kacey Eaddy,12/06/1987,Male,89 Forest Run Parkway,eggs,1
171,Emelyne MacCart,09/11/1922,Male,5 Bartillon Plaza,tree nuts,1
96,Roselin Tellesson,24/01/1951,Male,00514 Coleman Alley,none,1
154,Sarge Drezzer,22/12/2015,Male,2420 Corry Lane,gluten,1
234,Linnie Philips,30/10/1901,Female,33 Pankratz Place,dairy,1
88,Bax Pennington,15/11/2017,Other,170 Blackbird Street,wheat,1
97,Minda Weatherell,26/07/1912,Female,5839 Mendota Street,soy,
176,Luisa Traise,25/01/1916,Other,973 Macpherson Circle,none,2
198,Welby Peach,21/04/1907,Male,63 Dixon Lane,none,1
43,Crysta Scoullar,06/07/1911,Female,8 Armistice Parkway,soy,
174,Shaun Code,07/12/2019,Female,591 Summit Junction,soy,2
87,Tomas Klimschak,15/10/1960,Female,1 Pine View Circle,gluten,1
16,Alwin Van den Oord,15/07/2003,Other,14 International Alley,dairy,
81,Doroteya Drinkale,25/10/1941,Male,72421 Ludington Circle,eggs,1
96,Danyette Sylvaine,12/08/1903,Male,3654 Sage Terrace,none,1
278,Jo-anne Widger,31/03/2005,Female,5 Redwing Junction,none,2
62,Aluin Columbine,18/04/1904,Female,15495 Eagle Crest Terrace,none,
138,Cosette Armin,26/01/2004,Female,099 Bay Terrace,eggs,1
104,Kipper Jobes,19/12/1991,Male,05 Rieder Trail,none,2
7,Adoree Pinniger,13/07/1927,Female,53636 Jackson Parkway,fish,1
114,Aleda Hornig,24/11/1909,Male,9 Miller Junction,wheat,2
139,Billie Freeborne,23/03/1902,Female,0 Fairfield Circle,peanuts,1
229,Templeton Dorrington,25/10/2019,Male,8 School Street,fish,
287,Syd Normabell,16/02/1981,Female,3 Manitowish Pass,sesame,
37,Luella Jakoviljevic,08/08/2024,Other,4 Knutson Trail,none,2
238,Cthrine Vyel,14/03/2008,Male,9 Village Alley,shellfish,1
18,Missy Hacun,12/01/1984,Other,3770 Green Ridge Center,soy,
27,Morty Pudding,23/03/1979,Female,71316 Melrose Crossing,shellfish,1
191,Rawley Bretland,14/10/1954,Female,79 Clarendon Pass,sesame,
148,Eugen Durdle,23/08/1949,Female,85 Sunnyside Pass,sesame,2
25,Myrlene Antoshin,16/04/1956,Male,7 Birchwood Crossing,dairy,1
121,Riccardo Elia,26/07/2015,Male,9677 Shoshone Pass,dairy,1
34,Herta Stiebler,28/05/1935,Other,54 Haas Crossing,eggs,1
269,Barton Fairebrother,23/04/1980,Female,56484 Cordelia Trail,shellfish,
189,Abraham Champness,11/02/1922,Female,57720 Norway Maple Drive,eggs,1
7,Amil Boldry,28/02/1930,Other,2604 Barby Alley,none,1
84,Liva Ahmad,11/03/1930,Other,07 Sherman Pass,dairy,1
136,Jobye Pearcy,30/06/1996,Male,73829 Michigan Drive,dairy,
76,Elke Lockhead,20/04/1950,Other,6405 Sachs Street,fish,
231,Chiquita Barwell,24/03/2018,Female,85174 Crescent Oaks Lane,tree nuts,2
188,Darci Vanyatin,03/08/1903,Male,47830 Becker Road,sesame,3
260,Booth Drabble,17/12/1965,Male,782 Stang Center,none,
104,Katleen Muckle,17/06/1975,Female,22 Scott Avenue,tree nuts,2
83,Beverly Casewell,09/11/1945,Female,634 Sachs Road,fish,
228,Kendra Slite,11/08/1982,Female,41676 Oriole Drive,shellfish,1
46,Pammy Diehn,09/09/1975,Male,9081 Annamark Hill,dairy,1
164,Findlay Von Hindenburg,21/02/1903,Male,93 Garrison Center,none,
43,Becca Warwicker,30/11/1967,Other,1290 Eliot Center,none,
12,Edvard Coucher,27/08/2002,Female,4 Scoville Park,sesame,1
215,Sapphira McEntagart,08/12/1929,Other,1922 Quincy Court,eggs,3
130,Felicia Stables,03/10/1984,Other,451 6th Drive,none,2
297,Deanna McGairl,08/06/2012,Male,0003 Holy Cross Alley,none,
65,Hasheem Corish,07/07/1992,Male,27 Rockefeller Junction,tree nuts,
70,Rory Bletcher,02/09/1991,Male,360 Messerschmidt Parkway,sesame,1
157,Trista Happs,08/03/1930,Other,4219 Roxbury Road,fish,1
45,Joela Kenewel,23/03/1996,Male,5 Anzinger Circle,gluten,2
300,Raf Colten,28/07/1933,Female,600 Messerschmidt Place,none,1
123,Kaitlyn Jouhning,24/11/1980,Male,0 Lake View Lane,fish,
104,Rutledge Josh,05/02/1970,Other,617 Ridgeway Plaza,gluten,2
2,Fredra Doxey,28/08/1994,Female,622 Sullivan Avenue,soy,1
125,Elfrida Crellin,07/12/2021,Female,879 3rd Trail,tree nuts,
188,Ameline Kippax,15/06/1938,Male,3369 Homewood Trail,shellfish,3
28,Kendre Balsillie,23/08/1952,Other,257 Gateway Alley,tree nuts,
113,Janelle Pitts,04/10/1951,Female,421 Sugar Center,soy,
283,Peirce Nobriga,14/11/1945,Female,233 Coleman Center,peanuts,
76,Derwin Samson,26/10/1954,Female,225 Northridge Point,none,
1,Nigel Whitsun,12/10/2018,Male,80649 Everett Lane,peanuts,1
183,Hollie Feldbrin,01/05/2015,Other,6977 Bayside Place,tree nuts,1
71,Theadora Oboy,12/04/1990,Male,0 Commercial Alley,fish,3
151,Nelia Bedminster,01/05/1962,Other,02652 Corscot Crossing,wheat,
262,Fonz Baggelley,12/06/1918,Female,497 Prentice Hill,none,1
252,Ernestus Plak,17/09/1940,Other,124 Emmet Terrace,wheat,2
124,Anatollo Walas,04/09/1917,Other,60639 Northfield Avenue,none,
299,Justinian Roydon,01/09/1957,Other,17541 Bay Pass,gluten,
157,Bettine Donlon,24/01/1998,Other,84174 Macpherson Crossing,fish,1
161,Cullie MacTeggart,30/04/1909,Female,322 Buena Vista Lane,wheat,
251,Aarika Eisak,19/10/1912,Other,74 Dunning Court,fish,1
148,Florencia Webland,29/10/1918,Female,408 Summit Circle,sesame,2
87,Ianthe Goady,09/10/1982,Other,787 Bunting Terrace,none,1
101,Antonie Cauldfield,28/11/1929,Male,975 Bluestem Court,none,1
66,Fredric Orthmann,03/07/1945,Female,10 Cordelia Alley,shellfish,
160,Eugenie Baudains,23/07/1994,Male,53580 Delaware Way,tree nuts,1
291,Rena MacLaren,29/01/1901,Male,371 Westend Pass,none,1
50,Karen Janusz,05/04/1965,Female,85 Service Way,none,1
104,Ebba Greger,16/03/2011,Other,36111 Sunbrook Avenue,tree nuts,2
203,Vale Cranstone,15/11/1929,Male,689 Namekagon Trail,dairy,5
263,Pryce Ply,23/09/1977,Male,707 Warner Circle,fish,1
182,Obidiah Falkus,11/10/1969,Male,8483 Oakridge Court,none,
205,Beth Booi,19/10/1936,Male,3 Laurel Center,sesame,
93,Terza Rountree,28/05/1951,Other,93161 Express Street,fish,1
198,Harry Arling,04/10/1996,Other,93477 Declaration Court,wheat,1
271,Gib Paling,01/10/1991,Other,2591 Westend Point,none,1
1,Terrence Mixon,24/02/1930,Other,9 Banding Hill,none,1
228,Otha Eisikovitsh,07/08/1985,Male,0513 Dawn Point,gluten,1
216,Alvina Bayford,25/10/1948,Other,1825 Homewood Lane,none,
24,Rubia Rooze,28/11/1932,Other,9 Messerschmidt Terrace,none,
94,Isabella Feander,05/10/2000,Male,55 Harper Point,sesame,
275,Pepe Quarles,07/07/1936,Male,9218 Weeping Birch Road,none,
125,Duke Suddaby,08/03/1916,Female,665 Drewry Road,fish,
161,Rosella Figgures,05/11/1974,Female,712 Anzinger Circle,none,
149,Ricard Cambden,08/10/2014,Other,676 Northridge Road,none,
235,Andre Zink,06/03/1922,Other,7 Onsgard Circle,none,1
63,Randi Lammers,13/05/1987,Female,25332 Doe Crossing Point,none,
179,Philomena Dudman,29/09/1942,Other,862 Warner Avenue,gluten,1
115,Leia Pitsall,15/11/1971,Male,76 Blue Bill Park Junction,wheat,
135,Oralee Garlic,05/08/1933,Male,717 Alpine Pass,none,3
99,Melisa Pesticcio,29/03/1956,Female,7 Heffernan Lane,shellfish,2
83,Sharlene Edel,23/11/1986,Female,30 Logan Street,eggs,
207,Garth Windas,18/11/1922,Other,28521 Kenwood Terrace,gluten,2
14,Caitrin Coxen,19/02/1954,Other,4 Quincy Street,peanuts,
192,Ofilia Arent,12/07/1918,Male,7 High Crossing Point,peanuts,1
164,Kathy Yakovlev,22/12/1927,Other,11 Pond Place,none,
156,Neila Chree,27/09/1908,Male,6940 2nd Alley,none,
162,Kain Gebhardt,15/12/1909,Male,20079 Golf Course Trail,dairy,1
117,Saree Oblein,05/12/1961,Female,8733 Bay Way,gluten,1
22,Klemens Coppock.,24/12/1944,Other,3 Homewood Junction,tree nuts,1
220,Granthem Padmore,24/12/1988,Female,3 New Castle Pass,peanuts,1
29,Skippie Sargent,24/09/1970,Other,2 Katie Alley,none,
297,Lucho Van Geffen,07/07/1961,Other,0 Bunker Hill Road,tree nuts,
39,Pippo Dadds,25/07/2011,Other,7 Westridge Trail,eggs,3
109,Nickey Gunnell,24/07/1926,Female,1 Sauthoff Place,dairy,3
116,Mort MacAulay,20/04/1968,Other,10045 Basil Street,sesame,1
156,Laurence Tschierasche,26/10/1969,Female,9580 8th Junction,soy,
8,Normand Davet,10/06/1975,Other,614 Holmberg Trail,sesame,3
81,Mayer McIlwreath,10/09/2002,Male,121 Melvin Circle,wheat,1
273,Wendi Dikels,10/02/1966,Female,2801 Clyde Gallagher Center,none,2
13,Vicky Frood,19/04/2004,Female,909 Esch Hill,fish,1
84,Anetta Curtin,04/05/1958,Female,836 Gulseth Plaza,sesame,1
106,Joyan Gosenell,16/03/2004,Female,7 Daystar Road,soy,
62,Mathilda Duplock,25/02/1913,Other,8 Sugar Pass,none,
247,Rawley Volage,16/07/1962,Other,9535 Sutherland Alley,sesame,4
48,Bordy Callender,26/10/1915,Female,7 Farragut Road,sesame,1
108,Sascha Elderidge,17/10/2000,Male,2 Kropf Hill,none,
125,Jackson Llopis,28/08/1927,Male,32 Twin Pines Point,dairy,
173,Aubry Townes,01/08/1906,Other,7 Doe Crossing Plaza,shellfish,1
79,Tanner Giacobbo,22/10/2014,Male,12 Debs Drive,soy,
27,Ramsay McGee,13/09/1978,Other,7529 Tennessee Circle,none,1
227,Armstrong Earney,13/08/1923,Male,00 Hovde Hill,shellfish,1
131,Heall Brainsby,18/11/1911,Female,61 Grover Pass,wheat,
185,Freddie Antrim,04/08/1967,Other,38050 Barnett Parkway,none,
35,Ruperto Ellison,08/11/1913,Male,59083 Waubesa Trail,tree nuts,
165,Rene Kordes,29/09/1930,Male,48454 Monica Street,peanuts,1
55,Dominik Breacher,02/10/1941,Female,105 Katie Place,peanuts,2
216,Celesta McTeer,06/11/1981,Female,46716 Jana Point,none,
43,Judith Viant,14/12/1910,Other,73 Cascade Center,eggs,
269,Theodoric Antonsson,20/09/1987,Other,49558 Dryden Hill,gluten,
116,Grantham Sibley,18/11/1984,Other,1545 Northland Center,peanuts,1
7,Lindsay Beacock,10/07/1948,Female,0576 Mifflin Way,peanuts,1
51,Aimil Newbery,06/03/1912,Female,49 3rd Circle,dairy,1
198,Jan Le Fevre,04/02/1945,Male,4 Coleman Circle,tree nuts,1
104,Henri Buxcey,27/09/1918,Other,620 Hudson Trail,none,2
85,Julee Georgius,24/09/1988,Female,5 3rd Court,peanuts,
118,Jecho Costin,16/09/1976,Male,461 John Wall Terrace,soy,1
66,Ulrika I'anson,14/08/1921,Male,4 Artisan Center,eggs,
195,Alister Greenrde,31/05/1990,Female,4 Montana Street,none,
196,Bernice Alten,11/06/1908,Male,41 Kenwood Crossing,gluten,1
111,Paola Flux,11/11/1906,Male,2 Lien Circle,none,3
249,Karissa Bownass,23/10/1955,Male,91 Fuller Drive,none,1
257,Stanleigh Circuit,14/12/1980,Female,5716 Golf Course Way,peanuts,1
108,Rori Brackenridge,11/12/1994,Male,685 Maryland Crossing,none,
168,Kit Busen,07/04/1906,Other,38 Kensington Trail,shellfish,1
188,Riannon Ros,03/12/1905,Female,040 Tennessee Hill,wheat,3
173,Dian Kelland,28/09/1945,Female,333 Shopko Point,none,1
159,Wren Borborough,25/05/2019,Male,9931 Norway Maple Way,none,1
87,Hadria Lumsdaine,19/11/1996,Other,3 Dayton Alley,none,1
199,Kain Menichelli,14/05/1982,Other,3 Cambridge Place,sesame,
282,Berky Gianiello,06/08/1993,Other,8561 Lyons Trail,peanuts,
244,Catha Aguilar,12/09/1907,Female,8 Dryden Lane,none,1
161,Helsa Fomichyov,09/03/1927,Other,578 Bowman Drive,none,
256,Claude Doubrava,27/12/1907,Female,4302 Sugar Trail,fish,
85,Odetta Andresser,16/10/1900,Male,186 Center Circle,none,
289,Cleon Kick,10/01/1996,Male,1 Eliot Road,tree nuts,
211,Lock Middleditch,22/09/1914,Other,39857 La Follette Avenue,sesame,2
15,Melisandra McKearnen,13/04/1975,Female,40706 Larry Street,shellfish,3
205,Laird Scougall,23/05/1914,Female,35 Nova Terrace,none,
238,Alberto Hurburt,15/10/1920,Male,54 Cascade Trail,none,1
151,Silvie Newlove,11/03/2020,Other,3452 Butternut Terrace,none,
233,Phillis Crichton,21/05/1941,Other,522 Victoria Center,shellfish,3
242,Gussy Flaverty,09/08/2013,Male,986 Sherman Drive,none,1
282,Faun Matantsev,11/03/1988,Male,573 New Castle Place,dairy,
236,Ferdie Vassman,22/06/1952,Male,3 Goodland Terrace,fish,
28,Cassaundra Hulance,14/07/1919,Female,2715 Shelley Park,sesame,
5,Sonny Jonson,04/08/1982,Male,745 Summit Alley,gluten,
203,Othilie Propper,03/06/1906,Other,16 Blue Bill Park Parkway,soy,5
246,Nilson Critchell,13/03/1929,Male,3200 Thompson Parkway,none,1
85,Evey Girodias,21/05/1920,Male,36 Derek Pass,wheat,
248,Der Domenichelli,15/07/1961,Other,9 Laurel Park,gluten,1
48,Evvy Lesley,26/06/1926,Female,44142 Melody Plaza,tree nuts,1
43,Margarette Ninnoli,16/03/1932,Female,3445 Maywood Circle,eggs,
116,Farley Dodwell,07/09/2020,Female,66455 Grover Park,gluten,1
293,Brigitte Wheelhouse,01/05/1997,Female,7556 Birchwood Road,none,3
293,Sayres Burchett,25/09/1939,Male,68 Golf View Lane,wheat,3
262,Allyson Ricardet,20/03/1922,Male,92406 Ronald Regan Court,gluten,1
174,Ferdinande Roussel,04/08/1903,Other,2 Bunting Road,none,2
88,Kylie McPhail,28/06/1950,Other,05395 Iowa Road,none,1
154,Bobby Wakeley,31/01/1936,Female,1 Northview Hill,fish,1
152,Ardeen Fedorski,19/04/1949,Other,8 Havey Point,dairy,1
154,Jerrold Nellies,02/10/2022,Male,7 Northridge Pass,shellfish,1
145,Moselle Coping,24/09/1931,Other,66 Almo Point,none,4
162,Dyann Flipek,15/09/1986,Other,3 Stone Corner Street,none,1
67,Benji Skunes,01/10/1942,Female,8811 Gina Junction,none,2
198,Karlotta Skrine,09/09/1964,Female,616 Arkansas Street,none,1
66,Aldric Imesen,21/01/1985,Male,3 Pond Place,none,
109,Myrle Garnsworthy,23/08/1964,Other,8372 Brickson Park Center,none,3
144,Cliff Beminster,07/12/1972,Other,20292 Glacier Hill Hill,tree nuts,
56,Montgomery Kybert,21/04/1924,Other,8613 Drewry Road,peanuts,2
236,Justus Eivers,04/02/1986,Other,9 Portage Avenue,sesame,
163,Web Pavy,27/07/1977,Female,47753 Beilfuss Park,eggs,2
227,Dani Calcutt,02/01/1972,Male,996 Maywood Point,gluten,1
102,Francis Wickwarth,17/06/1997,Female,910 Roth Street,none,2
178,Deb Brugemann,23/11/1942,Other,3 Sunfield Plaza,none,1
120,Torrey Staden,13/02/2000,Female,822 Gerald Park,soy,1
64,Caitrin Girodon,25/02/1976,Other,62610 Westend Avenue,fish,1
228,Tammie Casina,21/06/1989,Other,777 Vernon Way,shellfish,1
220,Diahann Covely,25/06/1948,Male,5 Killdeer Place,none,1
